Data Set 1:Time(s),Data Set 1:Force G(N),Data Set 2:Time(s),Data Set 2:Force G(N),Data Set 3:Time(s),Data Set 3:Force G(N),Data Set 4:Time(s),Data Set 4:Force G(N),Data Set 5:Time(s),Data Set 5:Force G(N),,,
0,0.228004456,0,-0.016616821,0,-0.020774841,0,-0.022850037,0,-0.018699646,,,
0.02,0.244621277,0.02,-0.018692017,0.02,-0.024925232,0.02,-0.024925232,0.02,-0.008308411,,,
0.04,0.236312866,0.04,-0.024925232,0.04,-0.020774841,0.04,-0.016616821,0.04,-0.016616821,,,2.207954407
0.06,0.244621277,0.06,-0.018692017,0.06,-0.016616821,0.06,-0.024925232,0.06,-0.018699646,,,
0.08,0.240463257,0.08,-0.014541626,0.08,-0.018699646,0.08,-0.022850037,0.08,-0.010391235,,,
0.1,0.238388062,0.1,-0.022850037,0.1,-0.016616821,0.1,-0.018699646,0.1,-0.012466431,,,
0.12,0.244621277,0.12,-0.024925232,0.12,-0.018699646,0.12,-0.016616821,0.12,-0.014541626,,,
0.14,0.240463257,0.14,-0.022850037,0.14,-0.022850037,0.14,-0.016616821,0.14,-0.010391235,,,
0.16,0.230079651,0.16,-0.020767212,0.16,-0.014541626,0.16,-0.022850037,0.16,-0.012466431,,,
0.18,0.236312866,0.18,-0.020767212,0.18,-0.018699646,0.18,-0.020774841,0.18,-0.012466431,,,
0.2,0.232154846,0.2,-0.016616821,0.2,-0.014541626,0.2,-0.022850037,0.2,-0.010391235,,,
0.22,0.236312866,0.22,-0.024925232,0.22,-0.022850037,0.22,-0.020774841,0.22,-0.014541626,,,
0.24,0.234230042,0.24,-0.020767212,0.24,-0.014541626,0.24,-0.016616821,0.24,-0.024925232,,,
0.26,0.230079651,0.26,-0.016616821,0.26,-0.018699646,0.26,-0.016616821,0.26,-0.016616821,,,
0.28,0.230079651,0.28,-0.020767212,0.28,-0.022850037,0.28,-0.016616821,0.28,-0.018699646,,,
0.3,0.234230042,0.3,-0.018692017,0.3,-0.024925232,0.3,-0.020774841,0.3,-0.010391235,,,
0.32,0.242538452,0.32,-0.020767212,0.32,-0.014541626,0.32,-0.020774841,0.32,-0.022850037,,,
0.34,0.242538452,0.34,-0.014541626,0.34,-0.016616821,0.34,-0.018699646,0.34,-0.018699646,,,
0.36,0.236312866,0.36,-0.024925232,0.36,-0.020774841,0.36,-0.016616821,0.36,-0.012466431,,,
0.38,0.236312866,0.38,-0.016616821,0.38,-0.027008057,0.38,-0.024925232,0.38,-0.010391235,,,
0.4,0.236312866,0.4,-0.020767212,0.4,-0.022850037,0.4,-0.018699646,0.4,-0.014541626,,,
0.42,0.234230042,0.42,-0.008308411,0.42,-0.012466431,0.42,-0.024925232,0.42,-0.014541626,,,
0.44,0.242538452,0.44,-0.018692017,0.44,-0.010391235,0.44,-0.020774841,0.44,-0.014541626,,,
0.46,0.244621277,0.46,-0.012458801,0.46,-0.014541626,0.46,-0.020774841,0.46,-0.018699646,,,
0.48,0.236312866,0.48,-0.022850037,0.48,-0.016616821,0.48,-0.022850037,0.48,-0.014541626,,,
0.5,0.238388062,0.5,-0.016616821,0.5,-0.014541626,0.5,-0.014541626,0.5,-0.010391235,,,
0.52,0.246696472,0.52,-0.014541626,0.52,-0.016616821,0.52,-0.018699646,0.52,-0.014541626,,,
0.54,0.248771667,0.54,-0.012458801,0.54,-0.020774841,0.54,-0.018699646,0.54,-0.018699646,,,
0.56,0.236312866,0.56,-0.016616821,0.56,-0.014541626,0.56,-0.016616821,0.56,-0.012466431,,,
0.58,0.242538452,0.58,-0.014541626,0.58,-0.018699646,0.58,-0.012466431,0.58,-0.012466431,,,
0.6,0.240463257,0.6,-0.016616821,0.6,-0.020774841,0.6,-0.020774841,0.6,-0.014541626,,,
0.62,0.236312866,0.62,-0.012458801,0.62,-0.020774841,0.62,-0.020774841,0.62,-0.016616821,,,
0.64,0.240463257,0.64,-0.016616821,0.64,-0.016616821,0.64,-0.016616821,0.64,-0.010391235,,,
0.66,0.228004456,0.66,-0.014541626,0.66,-0.014541626,0.66,-0.018699646,0.66,-0.010391235,,,
0.68,0.232154846,0.68,-0.018692017,0.68,-0.022850037,0.68,-0.027008057,0.68,-0.012466431,,,
0.7,0.238388062,0.7,-0.016616821,0.7,-0.016616821,0.7,-0.024925232,0.7,-0.016616821,,,
0.72,0.242538452,0.72,-0.008308411,0.72,-0.020774841,0.72,-0.024925232,0.72,-0.016616821,,,
0.74,0.242538452,0.74,-0.018692017,0.74,-0.016616821,0.74,-0.014541626,0.74,-0.016616821,,,
0.76,0.244621277,0.76,-0.014541626,0.76,-0.020774841,0.76,-0.016616821,0.76,-0.014541626,,,
0.78,0.240463257,0.78,-0.022850037,0.78,-0.016616821,0.78,-0.024925232,0.78,-0.012466431,,,
0.8,0.236312866,0.8,-0.022850037,0.8,-0.008308411,0.8,-0.014541626,0.8,-0.010391235,,,
0.82,0.240463257,0.82,-0.016616821,0.82,-0.012466431,0.82,-0.020774841,0.82,-0.016616821,,,
0.84,0.234230042,0.84,-0.027000427,0.84,-0.008308411,0.84,-0.020774841,0.84,-0.012466431,,,
0.86,0.238388062,0.86,-0.022850037,0.86,0.022842407,0.86,-0.020774841,0.86,-0.020774841,,,
0.88,0.232154846,0.88,-0.018692017,0.88,0.037384033,0.88,-0.018699646,0.88,-0.016616821,,,
0.9,0.242538452,0.9,-0.024925232,0.9,0.037384033,0.9,-0.016616821,0.9,-0.016616821,,,
0.92,0.244621277,0.92,-0.024925232,0.92,0.020767212,0.92,-0.024925232,0.92,-0.010391235,,,
0.94,0.240463257,0.94,-0.018692017,0.94,0,0.94,-0.020774841,0.94,-0.020774841,,,
0.96,0.238388062,0.96,-0.010383606,0.96,-0.008308411,0.96,-0.016616821,0.96,-0.016616821,,,
0.98,0.238388062,0.98,-0.012458801,0.98,-0.014541626,0.98,-0.022850037,0.98,-0.020774841,,,
1,0.240463257,1,-0.016616821,1,-0.014541626,1,-0.018699646,1,-0.014541626,,,
1.02,0.236312866,1.02,-0.020767212,1.02,-0.020774841,1.02,-0.014541626,1.02,-0.014541626,,,
1.04,0.244621277,1.04,-0.024925232,1.04,-0.024925232,1.04,-0.020774841,1.04,-0.020774841,,,
1.06,0.252929688,1.06,-0.020767212,1.06,-0.027008057,1.06,-0.012466431,1.06,-0.014541626,,,
1.08,0.244621277,1.08,-0.024925232,1.08,-0.012466431,1.08,-0.020774841,1.08,-0.016616821,,,
1.1,0.255004883,1.1,-0.020767212,1.1,-0.014541626,1.1,-0.016616821,1.1,-0.012466431,,,
1.12,0.275772095,1.12,-0.020767212,1.12,-0.016616821,1.12,-0.020774841,1.12,-0.014541626,,,
1.14,0.290313721,1.14,-0.020767212,1.14,-0.018699646,1.14,-0.016616821,1.14,-0.012466431,,,
1.16,0.28200531,1.16,-0.022850037,1.16,-0.018699646,1.16,-0.022850037,1.16,-0.006233215,,,
1.18,0.28616333,1.18,-0.020767212,1.18,-0.014541626,1.18,-0.029083252,1.18,-0.016616821,,,
1.2,0.292388916,1.2,-0.020767212,1.2,-0.020774841,1.2,-0.024925232,1.2,-0.014541626,,,
1.22,0.292388916,1.22,-0.020767212,1.22,-0.020774841,1.22,-0.022850037,1.22,-0.018699646,,,
1.24,0.290313721,1.24,-0.014541626,1.24,-0.018699646,1.24,-0.022850037,1.24,-0.020774841,,,
1.26,0.28200531,1.26,-0.020767212,1.26,-0.014541626,1.26,-0.022850037,1.26,-0.022850037,,,
1.28,0.28616333,1.28,-0.024925232,1.28,-0.016616821,1.28,-0.020774841,1.28,-0.014541626,,,
1.3,0.28200531,1.3,-0.016616821,1.3,-0.020774841,1.3,-0.022850037,1.3,-0.012466431,,,
1.32,0.275772095,1.32,-0.012458801,1.32,-0.018699646,1.32,-0.018699646,1.32,-0.016616821,,,
1.34,0.28200531,1.34,-0.014541626,1.34,-0.016616821,1.34,-0.020774841,1.34,-0.008308411,,,
1.36,0.279930115,1.36,-0.016616821,1.36,-0.018699646,1.36,-0.018699646,1.36,-0.008308411,,,
1.38,0.290313721,1.38,-0.020767212,1.38,-0.024925232,1.38,-0.016616821,1.38,-0.010391235,,,
1.4,0.300697327,1.4,-0.020767212,1.4,-0.020774841,1.4,-0.020774841,1.4,-0.012466431,,,
1.42,0.300697327,1.42,-0.016616821,1.42,-0.022850037,1.42,-0.024925232,1.42,-0.014541626,,,
1.44,0.304855347,1.44,-0.018692017,1.44,-0.024925232,1.44,-0.020774841,1.44,-0.014541626,,,
1.46,0.313163757,1.46,-0.020767212,1.46,-0.024925232,1.46,-0.027008057,1.46,-0.014541626,,,
1.48,0.311088562,1.48,-0.018692017,1.48,-0.027008057,1.48,-0.027008057,1.48,-0.014541626,,,
1.5,0.311088562,1.5,-0.018692017,1.5,-0.027008057,1.5,-0.020774841,1.5,-0.010391235,,,
1.52,0.319396973,1.52,-0.018692017,1.52,-0.010391235,1.52,-0.014541626,1.52,-0.010391235,,,
1.54,0.315238953,1.54,-0.018692017,1.54,-0.010391235,1.54,-0.018699646,1.54,-0.006233215,,,
1.56,0.319396973,1.56,-0.022850037,1.56,-0.006233215,1.56,-0.018699646,1.56,-0.016616821,,,
1.58,0.313163757,1.58,-0.020767212,1.58,-0.014541626,1.58,-0.010391235,1.58,-0.024925232,,,
1.6,0.319396973,1.6,-0.020767212,1.6,-0.008308411,1.6,-0.018699646,1.6,-0.012466431,,,
1.62,0.323547363,1.62,-0.014541626,1.62,-0.002082825,1.62,-0.022850037,1.62,-0.014541626,,,
1.64,0.321472168,1.64,-0.020767212,1.64,-0.002082825,1.64,-0.010391235,1.64,-0.012466431,,,
1.66,0.323547363,1.66,-0.022850037,1.66,-0.010391235,1.66,-0.016616821,1.66,-0.018699646,,,
1.68,0.321472168,1.68,-0.016616821,1.68,-0.014541626,1.68,-0.018699646,1.68,-0.012466431,,,
1.7,0.313163757,1.7,-0.020767212,1.7,-0.012466431,1.7,-0.016616821,1.7,-0.012466431,,,
1.72,0.313163757,1.72,-0.018692017,1.72,-0.016616821,1.72,-0.016616821,1.72,-0.016616821,,,
1.74,0.315238953,1.74,-0.014541626,1.74,-0.016616821,1.74,-0.020774841,1.74,-0.018699646,,,
1.76,0.311088562,1.76,-0.018692017,1.76,-0.018699646,1.76,-0.022850037,1.76,-0.016616821,,,
1.78,0.325622559,1.78,-0.016616821,1.78,-0.024925232,1.78,-0.014541626,1.78,-0.012466431,,,
,,1.8,-0.022850037,1.8,-0.016616821,1.8,-0.018699646,1.8,-0.008308411,,,
,,1.82,-0.020767212,1.82,-0.020774841,1.82,-0.022850037,1.82,-0.010391235,,,
,,1.84,-0.014541626,1.84,-0.029083252,1.84,-0.027008057,1.84,-0.014541626,,,
,,1.86,-0.012458801,1.86,-0.022850037,1.86,-0.022850037,1.86,-0.010391235,,,
,,1.88,-0.014541626,1.88,-0.020774841,1.88,-0.022850037,1.88,-0.016616821,,,
,,1.9,-0.020767212,1.9,-0.022850037,1.9,-0.014541626,1.9,-0.00415802,,,
,,1.92,-0.014541626,1.92,-0.020774841,1.92,-0.018699646,1.92,-0.008308411,,,
,,1.94,-0.016616821,1.94,-0.027008057,1.94,-0.020774841,1.94,-0.018699646,,,
,,1.96,-0.018692017,1.96,-0.024925232,1.96,-0.022850037,1.96,-0.010391235,,,
,,1.98,-0.014541626,1.98,-0.020774841,1.98,-0.024925232,1.98,-0.010391235,,,
,,2,-0.016616821,2,-0.033233643,2,-0.024925232,2,-0.012466431,,,
,,2.02,-0.010383606,2.02,-0.018699646,2.02,-0.020774841,2.02,-0.010391235,,,
,,2.04,-0.014541626,2.04,-0.020774841,2.04,-0.016616821,2.04,-0.020774841,,,
,,2.06,-0.018692017,2.06,-0.022850037,2.06,-0.018699646,2.06,-0.016616821,,,
,,2.08,-0.018692017,2.08,-0.027008057,2.08,-0.022850037,2.08,-0.014541626,,,
,,,,2.1,-0.022850037,2.1,-0.020774841,2.1,-0.014541626,,,
,,,,2.12,-0.022850037,2.12,-0.016616821,2.12,-0.014541626,,,
,,,,2.14,-0.033233643,2.14,-0.016616821,2.14,-0.014541626,,,
,,,,2.16,-0.031158447,2.16,-0.022850037,2.16,-0.014541626,,,
,,,,2.18,-0.027008057,2.18,-0.016616821,2.18,-0.014541626,,,
,,,,2.2,-0.024925232,2.2,-0.014541626,2.2,-0.016616821,,,
,,,,2.22,-0.029083252,2.22,-0.022850037,2.22,-0.010391235,,,
,,,,2.24,-0.022850037,2.24,-0.014541626,2.24,-0.014541626,,,
,,,,2.26,-0.031158447,2.26,-0.016616821,2.26,-0.012466431,,,
,,,,2.28,-0.031158447,2.28,-0.018699646,2.28,-0.016616821,,,
,,,,2.3,-0.029083252,2.3,-0.022850037,2.3,-0.012466431,,,
,,,,2.32,-0.035316467,2.32,-0.018699646,2.32,-0.008308411,,,
,,,,2.34,-0.031158447,2.34,-0.022850037,2.34,-0.006233215,,,
,,,,2.36,-0.027008057,2.36,-0.016616821,2.36,-0.014541626,,,
,,,,2.38,-0.031158447,2.38,-0.027008057,2.38,-0.014541626,,,
,,,,2.4,-0.031158447,2.4,-0.016616821,2.4,-0.016616821,,,
,,,,2.42,-0.035316467,2.42,-0.018699646,2.42,-0.010391235,,,
,,,,2.44,-0.027008057,2.44,-0.027008057,2.44,-0.016616821,,,
,,,,2.46,-0.033233643,2.46,-0.024925232,2.46,-0.018699646,,,
,,,,2.48,-0.024925232,2.48,-0.018699646,2.48,-0.012466431,,,
,,,,2.5,-0.029083252,2.5,-0.020774841,2.5,-0.024925232,,,
,,,,2.52,-0.029083252,2.52,-0.018699646,2.52,-0.020774841,,,
,,,,2.54,-0.029083252,2.54,-0.029083252,2.54,-0.016616821,,,
,,,,2.56,-0.029083252,2.56,-0.022850037,2.56,-0.016616821,,,
,,,,2.58,-0.029083252,2.58,-0.022850037,2.58,-0.012466431,,,
,,,,2.6,-0.029083252,2.6,-0.018699646,2.6,-0.008308411,,,
,,,,2.62,-0.022850037,2.62,-0.014541626,2.62,-0.010391235,,,
,,,,2.64,-0.024925232,2.64,-0.024925232,2.64,-0.012466431,,,
,,,,2.66,-0.020774841,2.66,-0.022850037,2.66,-0.008308411,,,
,,,,2.68,-0.020774841,2.68,-0.022850037,2.68,-0.008308411,,,
,,,,2.7,-0.029083252,2.7,-0.024925232,2.7,-0.006233215,,,
,,,,2.72,-0.022850037,2.72,-0.018699646,2.72,-0.006233215,,,
,,,,2.74,-0.027008057,2.74,-0.020774841,2.74,-0.012466431,,,
,,,,2.76,-0.022850037,2.76,-0.020774841,2.76,-0.016616821,,,
,,,,2.78,-0.029083252,2.78,-0.016616821,2.78,-0.018699646,,,
,,,,2.8,-0.024925232,2.8,-0.027008057,2.8,-0.012466431,,,
,,,,2.82,-0.027008057,2.82,-0.016616821,2.82,-0.014541626,,,
,,,,2.84,-0.008308411,2.84,-0.027008057,2.84,-0.018699646,,,
,,,,2.86,0.043617249,2.86,-0.014541626,2.86,-0.016616821,,,
,,,,2.88,0.170318604,2.88,-0.020774841,2.88,-0.016616821,,,
,,,,2.9,0.307411194,2.9,-0.018699646,2.9,-0.014541626,,,
,,,,2.92,0.396720886,2.92,-0.016616821,2.92,-0.010391235,,,
,,,,2.94,0.432037354,2.94,-0.018699646,2.94,-0.012466431,,,
,,,,2.96,0.456962585,2.96,-0.016616821,2.96,-0.008308411,,,
,,,,2.98,0.459037781,2.98,-0.024925232,2.98,-0.016616821,,,
,,,,3,0.440345764,3,-0.024925232,3,-0.018699646,,,
,,,,3.02,0.415420532,3.02,-0.020774841,3.02,-0.014541626,,,
,,,,3.04,0.411262512,3.04,-0.016616821,3.04,-0.010391235,,,
,,,,3.06,0.3904953,3.06,-0.018699646,3.06,-0.016616821,,,
,,,,3.08,0.367645264,3.08,-0.020774841,3.08,-0.008308411,,,
,,,,3.1,0.348953247,3.1,-0.022850037,3.1,-0.024925232,,,
,,,,3.12,0.32610321,3.12,-0.020774841,3.12,-0.014541626,,,
,,,,3.14,0.274177551,3.14,-0.016616821,3.14,-0.014541626,,,
,,,,3.16,0.25340271,3.16,-0.018699646,3.16,-0.010391235,,,
,,,,3.18,0.170318604,3.18,-0.016616821,3.18,0.066467285,,,
,,,,3.2,0.108009338,3.2,-0.020774841,3.2,0.143318176,,,
,,,,3.22,0.05607605,3.22,-0.027008057,3.22,0.172393799,,,
,,,,3.24,0.006225586,3.24,-0.018699646,3.24,0.19316864,,,
,,,,3.26,-0.006233215,3.26,-0.014541626,3.26,0.197319031,,,
,,,,3.28,-0.014541626,3.28,-0.018699646,3.28,0.201477051,,,
,,,,3.3,-0.022850037,3.3,-0.012466431,3.3,0.195243835,,,
,,,,3.32,-0.022850037,3.32,-0.018699646,3.32,0.180702209,,,
,,,,3.34,-0.020774841,3.34,-0.014541626,3.34,0.178627014,,,
,,,,3.36,-0.018699646,3.36,-0.018699646,3.36,0.166168213,,,
,,,,3.38,0.06854248,3.38,-0.016616821,3.38,0.159934998,,,
,,,,3.4,0.205627441,3.4,-0.024925232,3.4,0.143318176,,,
,,,,3.42,0.272094727,3.42,-0.020774841,3.42,0.143318176,,,
,,,,3.44,0.234710693,3.44,-0.022850037,3.44,0.089309692,,,
,,,,3.46,0.151626587,3.46,-0.020774841,3.46,0.033233643,,,
,,,,3.48,0.066467285,3.48,-0.022850037,3.48,0.002075195,,,
,,,,3.5,0.006225586,3.5,-0.022850037,3.5,-0.008308411,,,
,,,,3.52,-0.010391235,3.52,-0.020774841,3.52,-0.008308411,,,
,,,,3.54,-0.014541626,3.54,-0.022850037,3.54,-0.018699646,,,
,,,,3.56,-0.016616821,3.56,-0.016616821,3.56,-0.014541626,,,
,,,,3.58,-0.018699646,3.58,-0.024925232,3.58,-0.012466431,,,
,,,,3.6,-0.014541626,3.6,-0.024925232,3.6,-0.010391235,,,
,,,,3.62,0.062309265,3.62,-0.016616821,3.62,-0.016616821,,,
,,,,3.64,0.230552673,3.64,-0.010391235,3.64,0.010383606,,,
,,,,3.66,0.365570068,3.66,-0.020774841,3.66,0.101776123,,,
,,,,3.68,0.454879761,3.68,-0.018699646,3.68,0.201477051,,,
,,,,3.7,0.598205566,3.7,-0.014541626,3.7,0.261711121,,,
,,,,3.72,0.716598511,3.72,-0.016616821,3.72,0.299102783,,,
,,,,3.74,0.739448547,3.74,-0.012466431,3.74,0.353103638,,,
,,,,3.76,0.689598083,3.76,-0.022850037,3.76,0.438262939,,,
,,,,3.78,0.63974762,3.78,-0.014541626,3.78,0.456962585,,,
,,,,3.8,0.625205994,3.8,-0.020774841,3.8,0.459037781,,,
,,,,3.82,0.589897156,3.82,-0.020774841,3.82,0.461112976,,,
,,,,3.84,0.544197083,3.84,-0.020774841,3.84,0.465270996,,,
,,,,3.86,0.517196655,3.86,-0.018699646,3.86,0.463188171,,,
,,,,3.88,0.527580261,3.88,-0.018699646,3.88,0.459037781,,,
,,,,3.9,0.560813904,3.9,-0.016616821,3.9,0.423728943,,,
,,,,3.92,0.627281189,3.92,-0.020774841,3.92,0.429954529,,,
,,,,3.94,0.695823669,3.94,-0.018699646,3.94,0.434112549,,,
,,,,3.96,0.745674133,3.96,-0.016616821,3.96,0.419570923,,,
,,,,3.98,0.778907776,3.98,-0.016616821,3.98,0.38633728,,,
,,,,4,0.803833008,4,-0.018699646,4,0.363487244,,,
,,,,4.02,0.799682617,4.02,-0.014541626,4.02,0.324028015,,,
,,,,4.04,0.795524597,4.04,-0.020774841,4.04,0.284561157,,,
,,,,4.06,0.787216187,4.06,-0.018699646,4.06,0.220169067,,,
,,,,4.08,0.758140564,4.08,-0.018699646,4.08,0.12046814,,,
,,,,4.1,0.729057312,4.1,-0.027008057,4.1,0.041542053,,,
,,,,4.12,0.7082901,4.12,-0.014541626,4.12,0.008308411,,,
,,,,4.14,0.693748474,4.14,-0.018699646,4.14,-0.006233215,,,
,,,,4.16,0.722831726,4.16,-0.018699646,4.16,-0.018699646,,,
,,,,4.18,0.787216187,4.18,-0.020774841,4.18,-0.020774841,,,
,,,,4.2,0.859916687,4.2,-0.022850037,4.2,-0.014541626,,,
,,,,4.22,0.909767151,4.22,-0.016616821,4.22,-0.014541626,,,
,,,,4.24,0.922233582,4.24,-0.018699646,4.24,-0.020774841,,,
,,,,4.26,0.916000366,4.26,-0.016616821,4.26,-0.018699646,,,
,,,,4.28,0.895225525,4.28,-0.022850037,4.28,-0.020774841,,,
,,,,4.3,0.876533508,4.3,-0.016616821,4.3,-0.008308411,,,
,,,,4.32,0.843299866,4.32,-0.022850037,4.32,-0.006233215,,,
,,,,4.34,0.814224243,4.34,-0.014541626,4.34,-0.012466431,,,
,,,,4.36,0.793449402,4.36,-0.020774841,4.36,-0.016616821,,,
,,,,4.38,0.797607422,4.38,-0.024925232,4.38,-0.016616821,,,
,,,,4.4,0.789299011,4.4,-0.016616821,4.4,-0.018699646,,,
,,,,4.42,0.766448975,4.42,-0.016616821,4.42,-0.016616821,,,
,,,,4.44,0.787216187,4.44,-0.018699646,4.44,-0.014541626,,,
,,,,4.46,0.810066223,4.46,-0.016616821,4.46,-0.012466431,,,
,,,,4.48,0.82875824,4.48,-0.018699646,4.48,-0.014541626,,,
,,,,4.5,0.84122467,4.5,-0.018699646,4.5,-0.018699646,,,
,,,,4.52,0.868225098,4.52,-0.022850037,4.52,-0.016616821,,,
,,,,4.54,0.907691956,4.54,-0.020774841,4.54,-0.018699646,,,
,,,,4.56,0.911842346,4.56,-0.022850037,4.56,-0.014541626,,,
,,,,4.58,0.886917114,4.58,-0.020774841,4.58,-0.018699646,,,
,,,,4.6,0.882766724,4.6,-0.016616821,4.6,-0.012466431,,,
,,,,4.62,0.888999939,4.62,-0.012466431,4.62,-0.012466431,,,
,,,,4.64,0.891075134,4.64,-0.016616821,4.64,-0.016616821,,,
,,,,4.66,0.874458313,4.66,-0.014541626,4.66,-0.010391235,,,
,,,,4.68,0.830841064,4.68,-0.018699646,4.68,-0.014541626,,,
,,,,4.7,0.805915833,4.7,-0.027008057,4.7,-0.012466431,,,
,,,,4.72,0.814224243,4.72,-0.018699646,4.72,-0.016616821,,,
,,,,4.74,0.824607849,4.74,-0.012466431,4.74,-0.018699646,,,
,,,,4.76,0.816299438,4.76,-0.008308411,4.76,-0.022850037,,,
,,,,4.78,0.76852417,4.78,-0.006233215,4.78,-0.016616821,,,
,,,,4.8,0.731140137,4.8,-0.00415802,4.8,-0.014541626,,,
,,,,4.82,0.718673706,4.82,0.002075195,4.82,-0.014541626,,,
,,,,4.84,0.718673706,4.84,-0.00415802,4.84,-0.014541626,,,
,,,,4.86,0.724906921,4.86,-0.00415802,4.86,-0.008308411,,,
,,,,4.88,0.681289673,4.88,-0.00415802,4.88,-0.012466431,,,
,,,,4.9,0.569122314,4.9,-0.008308411,4.9,-0.010391235,,,
,,,,4.92,0.531738281,4.92,-0.012466431,4.92,-0.012466431,,,
,,,,4.94,0.556663513,4.94,-0.012466431,4.94,-0.014541626,,,
,,,,4.96,0.542121887,4.96,-0.008308411,4.96,-0.012466431,,,
,,,,4.98,0.51096344,4.98,-0.020774841,4.98,-0.014541626,,,
,,,,5,0.550430298,5,-0.022850037,5,-0.016616821,,,
,,,,5.02,0.631439209,5.02,-0.014541626,5.02,-0.012466431,,,
,,,,5.04,0.70413208,5.04,-0.018699646,5.04,-0.018699646,,,
,,,,5.06,0.741523743,5.06,-0.016616821,5.06,-0.012466431,,,
,,,,5.08,0.737365723,5.08,-0.014541626,5.08,-0.00415802,,,
,,,,5.1,0.712440491,5.1,-0.018699646,5.1,-0.012466431,,,
,,,,5.12,0.710365295,5.12,-0.014541626,5.12,-0.012466431,,,
,,,,5.14,0.699981689,5.14,-0.010391235,5.14,-0.012466431,,,
,,,,5.16,0.697906494,5.16,-0.010391235,5.16,-0.014541626,,,
,,,,5.18,0.741523743,5.18,-0.020774841,5.18,-0.014541626,,,
,,,,5.2,0.795524597,5.2,-0.022850037,5.2,-0.010391235,,,
,,,,5.22,0.855766296,5.22,-0.020774841,5.22,-0.010391235,,,
,,,,5.24,0.891075134,5.24,-0.020774841,5.24,-0.014541626,,,
,,,,5.26,0.903533936,5.26,-0.018699646,5.26,-0.012466431,,,
,,,,5.28,0.90145874,5.28,-0.014541626,5.28,-0.012466431,,,
,,,,5.3,0.886917114,5.3,-0.018699646,5.3,-0.008308411,,,
,,,,5.32,0.89315033,5.32,-0.016616821,5.32,-0.018699646,,,
,,,,5.34,0.874458313,5.34,-0.018699646,5.34,-0.016616821,,,
,,,,5.36,0.857841492,5.36,-0.014541626,5.36,-0.014541626,,,
,,,,5.38,0.834991455,5.38,-0.020774841,5.38,-0.008308411,,,
,,,,5.4,0.812141418,5.4,-0.016616821,5.4,-0.012466431,,,
,,,,5.42,0.803833008,5.42,-0.018699646,5.42,-0.014541626,,,
,,,,5.44,0.820449829,5.44,-0.014541626,5.44,-0.014541626,,,
,,,,5.46,0.864074707,5.46,-0.022850037,5.46,-0.012466431,,,
,,,,5.48,0.888999939,5.48,-0.022850037,5.48,-0.010391235,,,
,,,,5.5,0.89730835,5.5,-0.022850037,5.5,-0.014541626,,,
,,,,5.52,0.880691528,5.52,-0.024925232,5.52,-0.012466431,,,
,,,,5.54,0.849533081,5.54,-0.022850037,5.54,-0.012466431,,,
,,,,5.56,0.820449829,5.56,-0.018699646,5.56,-0.014541626,,,
,,,,5.58,0.803833008,5.58,-0.020774841,5.58,-0.012466431,,,
,,,,5.6,0.805915833,5.6,-0.018699646,5.6,-0.022850037,,,
,,,,5.62,0.793449402,5.62,-0.018699646,5.62,-0.014541626,,,
,,,,5.64,0.726982117,5.64,-0.012466431,5.64,-0.010391235,,,
,,,,5.66,0.6355896,5.66,-0.022850037,5.66,-0.00415802,,,
,,,,5.68,0.535888672,5.68,-0.024925232,5.68,-0.010391235,,,
,,,,5.7,0.459037781,5.7,-0.020774841,5.7,-0.010391235,,,
,,,,5.72,0.413337708,5.72,-0.016616821,5.72,-0.014541626,,,
,,,,5.74,0.388412476,5.74,-0.018699646,5.74,-0.018699646,,,
,,,,5.76,0.369720459,5.76,-0.018699646,5.76,-0.014541626,,,
,,,,5.78,0.361412048,5.78,-0.020774841,5.78,-0.010391235,,,
,,,,5.8,0.340644836,5.8,-0.014541626,5.8,-0.014541626,,,
,,,,5.82,0.3177948,5.82,-0.012466431,5.82,-0.002082825,,,
,,,,5.84,0.297019958,5.84,-0.014541626,5.84,0.035308838,,,
,,,,5.86,0.263786316,5.86,-0.016616821,5.86,0.103851318,,,
,,,,5.88,0.195243835,5.88,-0.016616821,5.88,0.164085388,,,
,,,,5.9,0.137084961,5.9,-0.020774841,5.9,0.18901062,,,
,,,,5.92,0.099700928,5.92,-0.014541626,5.92,0.213935852,,,
,,,,5.94,0.103851318,5.94,-0.020774841,5.94,0.232635498,,,
,,,,5.96,0.151626587,5.96,-0.018699646,5.96,0.222244263,,,
,,,,5.98,0.213935852,5.98,-0.012466431,5.98,0.172393799,,,
,,,,6,0.25756073,6,-0.018699646,6,0.105926514,,,
,,,,6.02,0.261711121,6.02,-0.012466431,6.02,0.045692444,,,
,,,,6.04,0.25756073,6.04,-0.016616821,6.04,0.012458801,,,
,,,,6.06,0.261711121,6.06,-0.016616821,6.06,0.004150391,,,
,,,,6.08,0.218093872,6.08,-0.020774841,6.08,0.049850464,,,
,,,,6.1,0.186935425,6.1,-0.024925232,6.1,0.089309692,,,
,,,,6.12,0.178627014,6.12,-0.020774841,6.12,0.045692444,,,
,,,,6.14,0.12046814,6.14,-0.022850037,6.14,0.008308411,,,
,,,,6.16,0.058158875,6.16,-0.020774841,6.16,-0.002082825,,,
,,,,6.18,0.014533997,6.18,-0.022850037,6.18,-0.014541626,,,
,,,,6.2,-0.008308411,6.2,-0.022850037,6.2,-0.012466431,,,
,,,,6.22,-0.00415802,6.22,-0.018699646,6.22,-0.016616821,,,
,,,,6.24,0.039459229,6.24,-0.024925232,6.24,-0.014541626,,,
,,,,6.26,0.13293457,6.26,-0.018699646,6.26,-0.012466431,,,
,,,,6.28,0.232635498,6.28,-0.016616821,6.28,-0.010391235,,,
,,,,6.3,0.276252747,6.3,-0.020774841,6.3,-0.010391235,,,
,,,,6.32,0.276252747,6.32,-0.022850037,6.32,-0.012466431,,,
,,,,6.34,0.263786316,6.34,-0.022850037,6.34,-0.014541626,,,
,,,,6.36,0.247169495,6.36,-0.018699646,6.36,-0.018699646,,,
,,,,6.38,0.224327087,6.38,-0.018699646,6.38,-0.014541626,,,
,,,,6.4,0.209785461,6.4,-0.022850037,6.4,-0.016616821,,,
,,,,6.42,0.199401855,6.42,-0.020774841,6.42,-0.014541626,,,
,,,,6.44,0.191093445,6.44,-0.020774841,6.44,-0.014541626,,,
,,,,6.46,0.182785034,6.46,-0.018699646,6.46,-0.012466431,,,
,,,,6.48,0.191093445,6.48,-0.010391235,6.48,-0.006233215,,,
,,,,6.5,0.18901062,6.5,-0.012466431,6.5,0.101776123,,,
,,,,6.52,0.166168213,6.52,-0.020774841,6.52,0.249252319,,,
,,,,6.54,0.112159729,6.54,-0.014541626,6.54,0.342720032,,,
,,,,6.56,0.039459229,6.56,-0.027008057,6.56,0.434112549,,,
,,,,6.58,0,6.58,-0.022850037,6.58,0.519271851,,,
,,,,6.6,-0.012466431,6.6,-0.024925232,6.6,0.567047119,,,
,,,,6.62,-0.020774841,6.62,-0.020774841,6.62,0.573280334,,,
,,,,6.64,-0.020774841,6.64,-0.024925232,6.64,0.560813904,,,
,,,,6.66,-0.027008057,6.66,-0.020774841,6.66,0.540046692,,,
,,,,6.68,-0.016616821,6.68,-0.020774841,6.68,0.488113403,,,
,,,,6.7,-0.018699646,6.7,-0.016616821,6.7,0.398803711,,,
,,,,6.72,-0.022850037,6.72,-0.020774841,6.72,0.330253601,,,
,,,,6.74,-0.020774841,6.74,-0.012466431,6.74,0.259635925,,,
,,,,6.76,-0.020774841,6.76,-0.020774841,6.76,0.216018677,,,
,,,,6.78,-0.020774841,6.78,-0.016616821,6.78,0.19316864,,,
,,,,6.8,-0.024925232,6.8,-0.020774841,6.8,0.151626587,,,
,,,,6.82,-0.022850037,6.82,-0.027008057,6.82,0.139160156,,,
,,,,6.84,-0.022850037,6.84,-0.020774841,6.84,0.12046814,,,
,,,,6.86,-0.024925232,6.86,-0.020774841,6.86,0.093467712,,,
,,,,6.88,-0.027008057,6.88,-0.020774841,6.88,0.049850464,,,
,,,,6.9,-0.027008057,6.9,-0.027008057,6.9,0.012458801,,,
,,,,6.92,-0.020774841,6.92,-0.020774841,6.92,-0.002082825,,,
,,,,6.94,-0.027008057,6.94,-0.024925232,6.94,-0.008308411,,,
,,,,6.96,-0.022850037,6.96,-0.024925232,6.96,-0.012466431,,,
,,,,6.98,-0.029083252,6.98,-0.020774841,6.98,-0.018699646,,,
,,,,7,-0.027008057,7,-0.020774841,7,-0.012466431,,,
,,,,7.02,-0.024925232,7.02,-0.018699646,7.02,-0.010391235,,,
,,,,7.04,-0.033233643,7.04,-0.024925232,7.04,-0.014541626,,,
,,,,7.06,-0.022850037,7.06,-0.018699646,7.06,-0.006233215,,,
,,,,7.08,-0.024925232,7.08,-0.024925232,7.08,-0.012466431,,,
,,,,7.1,-0.022850037,7.1,-0.020774841,7.1,-0.018699646,,,
,,,,7.12,-0.024925232,7.12,-0.014541626,7.12,-0.020774841,,,
,,,,7.14,-0.020774841,7.14,-0.022850037,7.14,-0.008308411,,,
,,,,7.16,-0.022850037,7.16,-0.016616821,7.16,-0.016616821,,,
,,,,7.18,-0.029083252,7.18,-0.018699646,7.18,-0.010391235,,,
,,,,7.2,-0.022850037,7.2,-0.016616821,7.2,-0.010391235,,,
,,,,7.22,-0.027008057,7.22,-0.020774841,7.22,-0.010391235,,,
,,,,7.24,-0.016616821,7.24,-0.024925232,7.24,-0.00415802,,,
,,,,7.26,-0.022850037,7.26,-0.020774841,7.26,-0.016616821,,,
,,,,7.28,-0.031158447,7.28,-0.018699646,7.28,-0.014541626,,,
,,,,7.3,-0.029083252,7.3,-0.018699646,7.3,-0.008308411,,,
,,,,7.32,-0.029083252,7.32,-0.018699646,7.32,-0.008308411,,,
,,,,7.34,-0.024925232,7.34,-0.012466431,7.34,-0.010391235,,,
,,,,7.36,-0.014541626,7.36,-0.012466431,7.36,-0.008308411,,,
,,,,7.38,-0.018699646,7.38,-0.020774841,7.38,-0.020774841,,,
,,,,7.4,-0.020774841,7.4,-0.020774841,7.4,-0.016616821,,,
,,,,7.42,-0.020774841,7.42,-0.027008057,7.42,-0.018699646,,,
,,,,7.44,-0.020774841,7.44,-0.014541626,7.44,-0.016616821,,,
,,,,7.46,-0.027008057,7.46,-0.016616821,7.46,-0.010391235,,,
,,,,7.48,-0.020774841,7.48,-0.020774841,7.48,-0.010391235,,,
,,,,7.5,-0.027008057,7.5,-0.018699646,7.5,-0.014541626,,,
,,,,7.52,-0.018699646,7.52,-0.020774841,7.52,-0.014541626,,,
,,,,7.54,-0.024925232,7.54,-0.024925232,7.54,-0.014541626,,,
,,,,7.56,-0.016616821,7.56,-0.018699646,7.56,-0.016616821,,,
,,,,7.58,-0.027008057,7.58,-0.020774841,7.58,-0.020774841,,,
,,,,7.6,-0.024925232,7.6,-0.014541626,7.6,-0.020774841,,,
,,,,7.62,-0.022850037,7.62,-0.018699646,7.62,-0.018699646,,,
,,,,7.64,-0.020774841,7.64,-0.016616821,7.64,-0.014541626,,,
,,,,7.66,-0.027008057,7.66,-0.024925232,7.66,-0.006233215,,,
,,,,7.68,-0.018699646,7.68,-0.012466431,7.68,-0.012466431,,,
,,,,7.7,-0.018699646,7.7,-0.014541626,7.7,-0.016616821,,,
,,,,7.72,-0.020774841,7.72,-0.018699646,7.72,-0.018699646,,,
,,,,7.74,-0.018699646,7.74,-0.018699646,7.74,-0.024925232,,,
,,,,7.76,-0.022850037,7.76,-0.020774841,7.76,-0.014541626,,,
,,,,7.78,-0.018699646,7.78,-0.014541626,7.78,-0.018699646,,,
,,,,7.8,-0.020774841,7.8,-0.014541626,7.8,-0.020774841,,,
,,,,7.82,-0.020774841,7.82,-0.022850037,7.82,-0.020774841,,,
,,,,7.84,-0.018699646,7.84,-0.014541626,7.84,-0.012466431,,,
,,,,7.86,-0.020774841,7.86,-0.018699646,7.86,-0.008308411,,,
,,,,7.88,-0.016616821,7.88,-0.016616821,7.88,-0.018699646,,,
,,,,7.9,-0.008308411,7.9,-0.010391235,7.9,-0.016616821,,,
,,,,7.92,-0.016616821,7.92,-0.016616821,7.92,-0.020774841,,,
,,,,7.94,-0.012466431,7.94,-0.014541626,7.94,-0.016616821,,,
,,,,7.96,-0.020774841,7.96,-0.014541626,7.96,-0.016616821,,,
,,,,7.98,-0.018699646,7.98,-0.012466431,7.98,-0.020774841,,,
,,,,8,-0.024925232,8,-0.012466431,8,-0.016616821,,,
,,,,8.02,-0.018699646,8.02,-0.014541626,8.02,-0.016616821,,,
,,,,8.04,-0.022850037,8.04,-0.016616821,8.04,-0.016616821,,,
,,,,8.06,-0.018699646,8.06,-0.020774841,8.06,-0.018699646,,,
,,,,8.08,-0.020774841,8.08,-0.010391235,8.08,-0.020774841,,,
,,,,8.1,-0.020774841,8.1,-0.014541626,8.1,-0.024925232,,,
,,,,8.12,-0.014541626,8.12,-0.012466431,8.12,-0.018699646,,,
,,,,8.14,-0.016616821,8.14,-0.012466431,8.14,-0.016616821,,,
,,,,8.16,-0.018699646,8.16,-0.014541626,8.16,-0.012466431,,,
,,,,8.18,-0.016616821,8.18,-0.012466431,8.18,0.051925659,,,
,,,,8.2,-0.024925232,8.2,-0.010391235,8.2,0.118392944,,,
,,,,8.22,-0.016616821,8.22,-0.010391235,8.22,0.155776978,,,
,,,,8.24,-0.022850037,8.24,-0.010391235,8.24,0.205627441,,,
,,,,8.26,-0.016616821,8.26,-0.014541626,8.26,0.259635925,,,
,,,,8.28,-0.012466431,8.28,-0.020774841,8.28,0.288711548,,,
,,,,8.3,-0.014541626,8.3,-0.024925232,8.3,0.294944763,,,
,,,,8.32,-0.020774841,8.32,-0.014541626,8.32,0.301177979,,,
,,,,8.34,-0.014541626,8.34,-0.014541626,8.34,0.301177979,,,
,,,,8.36,-0.014541626,8.36,-0.014541626,8.36,0.305328369,,,
,,,,8.38,-0.016616821,8.38,-0.012466431,8.38,0.307411194,,,
,,,,8.4,-0.027008057,8.4,-0.014541626,8.4,0.288711548,,,
,,,,8.42,-0.024925232,8.42,-0.018699646,8.42,0.276252747,,,
,,,,8.44,-0.029083252,8.44,-0.018699646,8.44,0.278327942,,,
,,,,8.46,-0.024925232,8.46,-0.018699646,8.46,0.278327942,,,
,,,,8.48,-0.027008057,8.48,-0.016616821,8.48,0.294944763,,,
,,,,8.5,-0.035316467,8.5,-0.020774841,8.5,0.32610321,,,
,,,,8.52,-0.031158447,8.52,-0.018699646,8.52,0.365570068,,,
,,,,8.54,-0.018699646,8.54,-0.018699646,8.54,0.409187317,,,
,,,,8.56,-0.029083252,8.56,-0.014541626,8.56,0.448654175,,,
,,,,8.58,-0.027008057,8.58,-0.014541626,8.58,0.471496582,,,
,,,,8.6,-0.020774841,8.6,-0.016616821,8.6,0.452804565,,,
,,,,8.62,-0.020774841,8.62,-0.018699646,8.62,0.440345764,,,
,,,,8.64,-0.027008057,8.64,-0.022850037,8.64,0.444496155,,,
,,,,8.66,-0.018699646,8.66,-0.020774841,8.66,0.436187744,,,
,,,,8.68,-0.029083252,8.68,-0.020774841,8.68,0.413337708,,,
,,,,8.7,-0.024925232,8.7,-0.016616821,8.7,0.384262085,,,
,,,,8.72,-0.027008057,8.72,-0.018699646,8.72,0.346870422,,,
,,,,8.74,-0.027008057,8.74,-0.020774841,8.74,0.305328369,,,
,,,,8.76,-0.027008057,8.76,-0.020774841,8.76,0.259635925,,,
,,,,8.78,-0.024925232,8.78,-0.016616821,8.78,0.203552246,,,
,,,,8.8,-0.022850037,8.8,-0.024925232,8.8,0.155776978,,,
,,,,8.82,-0.022850037,8.82,-0.024925232,8.82,0.087234497,,,
,,,,8.84,-0.018699646,8.84,-0.020774841,8.84,0.022842407,,,
,,,,8.86,-0.024925232,8.86,-0.018699646,8.86,0,,,
,,,,8.88,-0.022850037,8.88,-0.016616821,8.88,-0.012466431,,,
,,,,8.9,-0.018699646,8.9,-0.020774841,8.9,-0.014541626,,,
,,,,8.92,-0.024925232,8.92,-0.020774841,8.92,-0.012466431,,,
,,,,8.94,-0.020774841,8.94,-0.010391235,8.94,-0.014541626,,,
,,,,8.96,-0.022850037,8.96,-0.020774841,8.96,-0.010391235,,,
,,,,8.98,-0.024925232,8.98,-0.022850037,8.98,-0.008308411,,,
,,,,9,-0.020774841,9,-0.027008057,9,-0.012466431,,,
,,,,9.02,-0.022850037,9.02,-0.022850037,9.02,-0.014541626,,,
,,,,9.04,-0.020774841,9.04,-0.020774841,9.04,-0.014541626,,,
,,,,9.06,-0.020774841,9.06,-0.027008057,9.06,-0.014541626,,,
,,,,9.08,-0.016616821,9.08,-0.022850037,9.08,-0.018699646,,,
,,,,9.1,-0.024925232,9.1,-0.027008057,9.1,-0.012466431,,,
,,,,9.12,-0.020774841,9.12,-0.020774841,9.12,-0.016616821,,,
,,,,9.14,-0.022850037,9.14,-0.020774841,9.14,-0.018699646,,,
,,,,9.16,-0.020774841,9.16,-0.018699646,9.16,-0.020774841,,,
,,,,9.18,-0.027008057,9.18,-0.020774841,9.18,-0.016616821,,,
,,,,9.2,-0.029083252,9.2,-0.020774841,9.2,-0.016616821,,,
,,,,9.22,-0.022850037,9.22,-0.022850037,9.22,-0.014541626,,,
,,,,9.24,-0.018699646,9.24,-0.022850037,9.24,-0.016616821,,,
,,,,9.26,-0.018699646,9.26,-0.020774841,9.26,-0.012466431,,,
,,,,9.28,-0.024925232,9.28,-0.018699646,9.28,-0.008308411,,,
,,,,9.3,-0.020774841,9.3,-0.022850037,9.3,-0.010391235,,,
,,,,9.32,-0.027008057,9.32,-0.016616821,9.32,-0.012466431,,,
,,,,9.34,-0.024925232,9.34,-0.018699646,9.34,-0.010391235,,,
,,,,9.36,-0.022850037,9.36,-0.027008057,9.36,-0.020774841,,,
,,,,9.38,-0.022850037,9.38,-0.020774841,9.38,-0.016616821,,,
,,,,9.4,-0.020774841,9.4,-0.018699646,9.4,-0.010391235,,,
,,,,9.42,-0.024925232,9.42,-0.022850037,9.42,-0.014541626,,,
,,,,9.44,-0.020774841,9.44,-0.018699646,9.44,-0.024925232,,,
,,,,9.46,-0.024925232,9.46,-0.020774841,9.46,-0.014541626,,,
,,,,9.48,-0.027008057,9.48,-0.014541626,9.48,-0.008308411,,,
,,,,9.5,-0.020774841,9.5,-0.022850037,9.5,-0.020774841,,,
,,,,9.52,-0.022850037,9.52,-0.018699646,9.52,-0.010391235,,,
,,,,9.54,-0.020774841,9.54,-0.020774841,9.54,-0.014541626,,,
,,,,9.56,-0.024925232,9.56,-0.020774841,9.56,-0.014541626,,,
,,,,9.58,-0.024925232,9.58,-0.008308411,9.58,-0.010391235,,,
,,,,9.6,-0.024925232,9.6,-0.010391235,9.6,-0.018699646,,,
,,,,9.62,-0.022850037,9.62,-0.014541626,9.62,-0.012466431,,,
,,,,9.64,-0.024925232,9.64,-0.020774841,9.64,-0.022850037,,,
,,,,9.66,-0.024925232,9.66,-0.024925232,9.66,-0.010391235,,,
,,,,9.68,-0.024925232,9.68,-0.022850037,9.68,-0.020774841,,,
,,,,9.7,-0.022850037,9.7,-0.022850037,9.7,-0.018699646,,,
,,,,9.72,-0.020774841,9.72,-0.027008057,9.72,-0.020774841,,,
,,,,9.74,-0.027008057,9.74,-0.031158447,9.74,-0.016616821,,,
,,,,9.76,-0.022850037,9.76,-0.020774841,9.76,-0.014541626,,,
,,,,9.78,-0.029083252,9.78,-0.020774841,9.78,-0.014541626,,,
,,,,9.8,-0.020774841,9.8,-0.022850037,9.8,-0.014541626,,,
,,,,9.82,-0.024925232,9.82,-0.020774841,9.82,-0.014541626,,,
,,,,9.84,-0.029083252,9.84,-0.024925232,9.84,-0.012466431,,,
,,,,9.86,-0.031158447,9.86,-0.027008057,9.86,-0.014541626,,,
,,,,9.88,-0.020774841,9.88,-0.020774841,9.88,-0.018699646,,,
,,,,9.9,-0.018699646,9.9,-0.014541626,9.9,-0.016616821,,,
,,,,9.92,-0.020774841,9.92,-0.029083252,9.92,-0.016616821,,,
,,,,9.94,-0.020774841,9.94,-0.024925232,9.94,-0.014541626,,,
,,,,9.96,-0.022850037,9.96,-0.024925232,9.96,-0.014541626,,,
,,,,9.98,-0.024925232,9.98,-0.016616821,9.98,-0.012466431,,,
,,,,10,-0.022850037,10,-0.014541626,10,-0.016616821,,,
,,,,10.02,-0.027008057,10.02,-0.022850037,10.02,-0.010391235,,,
,,,,10.04,-0.024925232,10.04,-0.014541626,10.04,-0.008308411,,,
,,,,10.06,-0.024925232,10.06,-0.020774841,10.06,-0.014541626,,,
,,,,10.08,-0.022850037,10.08,-0.016616821,10.08,-0.016616821,,,
,,,,10.1,-0.022850037,10.1,-0.018699646,10.1,-0.010391235,,,
,,,,10.12,-0.029083252,10.12,-0.022850037,10.12,-0.012466431,,,
,,,,10.14,-0.027008057,10.14,-0.031158447,10.14,-0.014541626,,,
,,,,10.16,-0.022850037,10.16,-0.016616821,10.16,-0.016616821,,,
,,,,10.18,-0.018699646,10.18,-0.018699646,10.18,-0.016616821,,,
,,,,10.2,-0.018699646,10.2,-0.027008057,10.2,-0.020774841,,,
,,,,10.22,-0.029083252,10.22,-0.020774841,10.22,-0.014541626,,,
,,,,10.24,-0.018699646,10.24,-0.014541626,10.24,-0.012466431,,,
,,,,10.26,-0.016616821,10.26,-0.014541626,10.26,-0.010391235,,,
,,,,10.28,-0.022850037,10.28,-0.020774841,10.28,-0.006233215,,,
,,,,10.3,-0.022850037,,,10.3,-0.008308411,,,
,,,,10.32,-0.018699646,,,10.32,-0.014541626,,,
,,,,10.34,-0.022850037,,,10.34,-0.012466431,,,
,,,,10.36,-0.022850037,,,10.36,-0.010391235,,,
,,,,10.38,-0.020774841,,,10.38,-0.012466431,,,
,,,,10.4,-0.022850037,,,10.4,-0.014541626,,,
,,,,10.42,-0.020774841,,,10.42,-0.016616821,,,
,,,,10.44,-0.031158447,,,10.44,-0.012466431,,,
,,,,10.46,-0.022850037,,,10.46,-0.018699646,,,
,,,,10.48,-0.024925232,,,10.48,-0.022850037,,,
,,,,,,,,10.5,-0.018699646,,,
,,,,,,,,10.52,-0.016616821,,,
,,,,,,,,10.54,-0.010391235,,,
,,,,,,,,10.56,-0.010391235,,,
,,,,,,,,10.58,-0.008308411,,,
,,,,,,,,10.6,-0.014541626,,,
,,,,,,,,10.62,-0.014541626,,,
,,,,,,,,10.64,-0.016616821,,,
,,,,,,,,10.66,-0.008308411,,,
,,,,,,,,10.68,-0.012466431,,,
,,,,,,,,10.7,-0.012466431,,,
,,,,,,,,10.72,-0.012466431,,,
,,,,,,,,10.74,-0.016616821,,,
,,,,,,,,10.76,-0.010391235,,,
,,,,,,,,10.78,-0.016616821,,,
,,,,,,,,10.8,-0.008308411,,,
,,,,,,,,10.82,-0.012466431,,,
,,,,,,,,10.84,-0.016616821,,,
,,,,,,,,10.86,-0.010391235,,,
,,,,,,,,10.88,0,,,
,,,,,,,,10.9,0.047767639,,,
,,,,,,,,10.92,0.097618103,,,
,,,,,,,,10.94,0.13293457,,,
,,,,,,,,10.96,0.145393372,,,
,,,,,,,,10.98,0.157859802,,,
,,,,,,,,11,0.222244263,,,
,,,,,,,,11.02,0.353103638,,,
,,,,,,,,11.04,0.521347046,,,
,,,,,,,,11.06,0.633514404,,,
,,,,,,,,11.08,0.683364868,,,
,,,,,,,,11.1,0.691673279,,,
,,,,,,,,11.12,0.766448975,,,
,,,,,,,,11.14,0.911842346,,,
,,,,,,,,11.16,1.011543274,,,
,,,,,,,,11.18,1.055168152,,,
,,,,,,,,11.2,1.078010559,,,
,,,,,,,,11.22,1.125785828,,,
,,,,,,,,11.24,1.179794312,,,
,,,,,,,,11.26,1.237953186,,,
,,,,,,,,11.28,1.298187256,,,
,,,,,,,,11.3,1.368804932,,,
,,,,,,,,11.32,1.439430237,,,
,,,,,,,,11.34,1.491355896,,,
,,,,,,,,11.36,1.526664734,,,
,,,,,,,,11.38,1.591056824,,,
,,,,,,,,11.4,1.657524109,,,
,,,,,,,,11.42,1.713607788,,,
,,,,,,,,11.44,1.742683411,,,
,,,,,,,,11.46,1.790458679,,,
,,,,,,,,11.48,1.86730957,,,
,,,,,,,,11.5,1.975318909,,,
,,,,,,,,11.52,2.031402588,,,
,,,,,,,,11.54,2.05632782,,,
,,,,,,,,11.56,2.143569946,,,
,,,,,,,,11.58,2.207954407,,,
,,,,,,,,11.6,2.195495605,,,
,,,,,,,,11.62,2.141487122,,,
,,,,,,,,11.64,2.1248703,,,
,,,,,,,,11.66,2.106178284,,,
,,,,,,,,11.68,1.964935303,,,
,,,,,,,,11.7,1.67414093,,,
,,,,,,,,11.72,1.358421326,,,
,,,,,,,,11.74,1.217178345,,,
,,,,,,,,11.76,1.289878845,,,
,,,,,,,,11.78,1.375038147,,,
,,,,,,,,11.8,1.262878418,,,
,,,,,,,,11.82,1.024009705,,,
,,,,,,,,11.84,0.814224243,,,
,,,,,,,,11.86,0.685440063,,,
,,,,,,,,11.88,0.660514832,,,
,,,,,,,,11.9,0.697906494,,,
,,,,,,,,11.92,0.677131653,,,
,,,,,,,,11.94,0.554580688,,,
,,,,,,,,11.96,0.432037354,,,
,,,,,,,,11.98,0.384262085,,,
,,,,,,,,12,0.367645264,,,
,,,,,,,,12.02,0.338562012,,,
,,,,,,,,12.04,0.280403137,,,
,,,,,,,,12.06,0.278327942,,,
,,,,,,,,12.08,0.305328369,,,
,,,,,,,,12.1,0.353103638,,,
,,,,,,,,12.12,0.427879333,,,
,,,,,,,,12.14,0.477729797,,,
,,,,,,,,12.16,0.465270996,,,
,,,,,,,,12.18,0.529655457,,,
,,,,,,,,12.2,0.670898438,,,
,,,,,,,,12.22,0.845375061,,,
,,,,,,,,12.24,1.034393311,,,
,,,,,,,,12.26,1.248336792,,,
,,,,,,,,12.28,1.464355469,,,
,,,,,,,,12.3,1.593132019,,,
,,,,,,,,12.32,1.638832092,,,
,,,,,,,,12.34,1.645065308,,,
,,,,,,,,12.36,1.647140503,,,
,,,,,,,,12.38,1.61390686,,,
,,,,,,,,12.4,1.543281555,,,
,,,,,,,,12.42,1.375038147,,,
,,,,,,,,12.44,1.156944275,,,
,,,,,,,,12.46,0.922233582,,,
,,,,,,,,12.48,0.745674133,,,
,,,,,,,,12.5,0.64805603,,,
,,,,,,,,12.52,0.585739136,,,
,,,,,,,,12.54,0.587814331,,,
,,,,,,,,12.56,0.614822388,,,
,,,,,,,,12.58,0.552505493,,,
,,,,,,,,12.6,0.411262512,,,
,,,,,,,,12.62,0.284561157,,,
,,,,,,,,12.64,0.19316864,,,
,,,,,,,,12.66,0.122543335,,,
,,,,,,,,12.68,0.06438446,,,
,,,,,,,,12.7,0.043617249,,,
,,,,,,,,12.72,0.070617676,,,
,,,,,,,,12.74,0.116317749,,,
,,,,,,,,12.76,0.228477478,,,
,,,,,,,,12.78,0.375953674,,,
,,,,,,,,12.8,0.519271851,,,
,,,,,,,,12.82,0.625205994,,,
,,,,,,,,12.84,0.666748047,,,
,,,,,,,,12.86,0.691673279,,,
,,,,,,,,12.88,0.712440491,,,
,,,,,,,,12.9,0.762290955,,,
,,,,,,,,12.92,0.799682617,,,
,,,,,,,,12.94,0.789299011,,,
,,,,,,,,12.96,0.739448547,,,
,,,,,,,,12.98,0.664672852,,,
,,,,,,,,13,0.637664795,,,
,,,,,,,,13.02,0.6355896,,,
,,,,,,,,13.04,0.652206421,,,
,,,,,,,,13.06,0.591972351,,,
,,,,,,,,13.08,0.434112549,,,
,,,,,,,,13.1,0.276252747,,,
,,,,,,,,13.12,0.180702209,,,
,,,,,,,,13.14,0.197319031,,,
,,,,,,,,13.16,0.282485962,,,
,,,,,,,,13.18,0.3904953,,,
,,,,,,,,13.2,0.517196655,,,
,,,,,,,,13.22,0.660514832,,,
,,,,,,,,13.24,0.77268219,,,
,,,,,,,,13.26,0.799682617,,,
,,,,,,,,13.28,0.826683044,,,
,,,,,,,,13.3,0.899383545,,,
,,,,,,,,13.32,1.007392883,,,
,,,,,,,,13.34,1.140327454,,,
,,,,,,,,13.36,1.258720398,,,
,,,,,,,,13.38,1.329345703,,,
,,,,,,,,13.4,1.393730164,,,
,,,,,,,,13.42,1.47681427,,,
,,,,,,,,13.44,1.534973145,,,
,,,,,,,,13.46,1.522514343,,,
,,,,,,,,13.48,1.485122681,,,
,,,,,,,,13.5,1.402038574,,,
,,,,,,,,13.52,1.291954041,,,
,,,,,,,,13.54,1.246261597,,,
,,,,,,,,13.56,1.240028381,,,
,,,,,,,,13.58,1.233795166,,,
,,,,,,,,13.6,1.235870361,,,
,,,,,,,,13.62,1.244178772,,,
,,,,,,,,13.64,1.277412415,,,
,,,,,,,,13.66,1.298187256,,,
,,,,,,,,13.68,1.279495239,,,
,,,,,,,,13.7,1.248336792,,,
,,,,,,,,13.72,1.190177917,,,
,,,,,,,,13.74,1.0987854,,,
,,,,,,,,13.76,0.947158813,,,
,,,,,,,,13.78,0.851608276,,,
,,,,,,,,13.8,0.861991882,,,
,,,,,,,,13.82,0.940925598,,,
,,,,,,,,13.84,1.036468506,,,
,,,,,,,,13.86,1.109169006,,,
,,,,,,,,13.88,1.173561096,,,
,,,,,,,,13.9,1.202636719,,,
,,,,,,,,13.92,1.173561096,,,
,,,,,,,,13.94,1.109169006,,,
,,,,,,,,13.96,1.09047699,,,
,,,,,,,,13.98,1.144477844,,,
,,,,,,,,14,1.167327881,,,
,,,,,,,,14.02,1.138252258,,,
,,,,,,,,14.04,1.102935791,,,
,,,,,,,,14.06,1.09047699,,,
,,,,,,,,14.08,1.055168152,,,
,,,,,,,,14.1,0.940925598,,,
,,,,,,,,14.12,0.824607849,,,
,,,,,,,,14.14,0.735290527,,,
,,,,,,,,14.16,0.668823242,,,
,,,,,,,,14.18,0.596122742,,,
,,,,,,,,14.2,0.554580688,,,
,,,,,,,,14.22,0.537963867,,,
,,,,,,,,14.24,0.525505066,,,
,,,,,,,,14.26,0.502655029,,,
,,,,,,,,14.28,0.461112976,,,
,,,,,,,,14.3,0.392570496,,,
,,,,,,,,14.32,0.371795654,,,
,,,,,,,,14.34,0.392570496,,,
,,,,,,,,14.36,0.411262512,,,
,,,,,,,,14.38,0.3904953,,,
,,,,,,,,14.4,0.309486389,,,
,,,,,,,,14.42,0.211860657,,,
,,,,,,,,14.44,0.112159729,,,
,,,,,,,,14.46,0.039459229,,,
,,,,,,,,14.48,0.010383606,,,
,,,,,,,,14.5,-0.002082825,,,
,,,,,,,,14.52,-0.014541626,,,
,,,,,,,,14.54,-0.012466431,,,
,,,,,,,,14.56,-0.016616821,,,
,,,,,,,,14.58,-0.010391235,,,
,,,,,,,,14.6,-0.012466431,,,
,,,,,,,,14.62,-0.010391235,,,
,,,,,,,,14.64,-0.012466431,,,
,,,,,,,,14.66,-0.008308411,,,
,,,,,,,,14.68,-0.010391235,,,
,,,,,,,,14.7,-0.012466431,,,
,,,,,,,,14.72,-0.016616821,,,
,,,,,,,,14.74,-0.006233215,,,
,,,,,,,,14.76,-0.006233215,,,
,,,,,,,,14.78,-0.014541626,,,
,,,,,,,,14.8,-0.016616821,,,
,,,,,,,,14.82,-0.014541626,,,
,,,,,,,,14.84,-0.010391235,,,
,,,,,,,,14.86,-0.006233215,,,
,,,,,,,,14.88,-0.012466431,,,
,,,,,,,,14.9,-0.010391235,,,
,,,,,,,,14.92,-0.014541626,,,
,,,,,,,,14.94,-0.016616821,,,
,,,,,,,,14.96,-0.016616821,,,
,,,,,,,,14.98,-0.012466431,,,
,,,,,,,,15,-0.014541626,,,
,,,,,,,,15.02,-0.014541626,,,
,,,,,,,,15.04,-0.016616821,,,
,,,,,,,,15.06,-0.016616821,,,
,,,,,,,,15.08,-0.008308411,,,
,,,,,,,,15.1,-0.010391235,,,
,,,,,,,,15.12,-0.012466431,,,
,,,,,,,,15.14,-0.018699646,,,
,,,,,,,,15.16,-0.012466431,,,
,,,,,,,,15.18,-0.010391235,,,
,,,,,,,,15.2,-0.010391235,,,
,,,,,,,,15.22,-0.012466431,,,
,,,,,,,,15.24,-0.008308411,,,
,,,,,,,,15.26,-0.012466431,,,
,,,,,,,,15.28,-0.014541626,,,
,,,,,,,,15.3,-0.010391235,,,
,,,,,,,,15.32,-0.008308411,,,
,,,,,,,,15.34,-0.014541626,,,
,,,,,,,,15.36,-0.016616821,,,
,,,,,,,,15.38,-0.014541626,,,
,,,,,,,,15.4,-0.018699646,,,
,,,,,,,,15.42,-0.020774841,,,
,,,,,,,,15.44,-0.014541626,,,
,,,,,,,,15.46,-0.018699646,,,
,,,,,,,,15.48,-0.016616821,,,
,,,,,,,,15.5,-0.020774841,,,
,,,,,,,,15.52,-0.022850037,,,
,,,,,,,,15.54,-0.018699646,,,
,,,,,,,,15.56,-0.016616821,,,
,,,,,,,,15.58,-0.018699646,,,
,,,,,,,,15.6,-0.022850037,,,
,,,,,,,,15.62,-0.018699646,,,
,,,,,,,,15.64,-0.024925232,,,
,,,,,,,,15.66,-0.020774841,,,
,,,,,,,,15.68,-0.022850037,,,
,,,,,,,,15.7,-0.022850037,,,
,,,,,,,,15.72,-0.018699646,,,
,,,,,,,,15.74,-0.020774841,,,
,,,,,,,,15.76,-0.022850037,,,
,,,,,,,,15.78,-0.014541626,,,
,,,,,,,,15.8,-0.016616821,,,
,,,,,,,,15.82,-0.010391235,,,
,,,,,,,,15.84,-0.014541626,,,
,,,,,,,,15.86,-0.020774841,,,
,,,,,,,,15.88,-0.014541626,,,
,,,,,,,,15.9,-0.014541626,,,
,,,,,,,,15.92,-0.014541626,,,
,,,,,,,,15.94,-0.00415802,,,
,,,,,,,,15.96,-0.010391235,,,
,,,,,,,,15.98,-0.006233215,,,
,,,,,,,,16,-0.008308411,,,
,,,,,,,,16.02,-0.008308411,,,
,,,,,,,,16.04,-0.00415802,,,
,,,,,,,,16.06,-0.006233215,,,
,,,,,,,,16.08,0,,,
,,,,,,,,16.1,-0.012466431,,,
,,,,,,,,16.12,-0.010391235,,,
,,,,,,,,16.14,-0.006233215,,,
,,,,,,,,16.16,-0.014541626,,,
,,,,,,,,16.18,-0.010391235,,,
,,,,,,,,16.2,-0.006233215,,,
,,,,,,,,16.22,-0.012466431,,,
,,,,,,,,16.24,-0.016616821,,,
,,,,,,,,16.26,-0.00415802,,,
,,,,,,,,16.28,-0.00415802,,,
,,,,,,,,16.3,-0.00415802,,,
,,,,,,,,16.32,-0.008308411,,,
,,,,,,,,16.34,-0.010391235,,,
,,,,,,,,16.36,-0.010391235,,,
,,,,,,,,16.38,-0.006233215,,,
,,,,,,,,16.4,-0.016616821,,,
,,,,,,,,16.42,-0.018699646,,,
,,,,,,,,16.44,-0.018699646,,,
,,,,,,,,16.46,-0.014541626,,,
,,,,,,,,16.48,-0.014541626,,,
,,,,,,,,16.5,-0.016616821,,,
,,,,,,,,16.52,-0.012466431,,,
,,,,,,,,16.54,-0.010391235,,,
,,,,,,,,16.56,-0.020774841,,,
,,,,,,,,16.58,-0.018699646,,,
,,,,,,,,16.6,-0.014541626,,,
,,,,,,,,16.62,-0.018699646,,,
,,,,,,,,16.64,0,,,
,,,,,,,,16.66,0.06023407,,,
,,,,,,,,16.68,0.155776978,,,
,,,,,,,,16.7,0.240943909,,,
,,,,,,,,16.72,0.301177979,,,
,,,,,,,,16.74,0.384262085,,,
,,,,,,,,16.76,0.456962585,,,
,,,,,,,,16.78,0.527580261,,,
,,,,,,,,16.8,0.587814331,,,
,,,,,,,,16.82,0.573280334,,,
,,,,,,,,16.84,0.519271851,,,
,,,,,,,,16.86,0.467346191,,,
,,,,,,,,16.88,0.369720459,,,
,,,,,,,,16.9,0.195243835,,,
,,,,,,,,16.92,0.070617676,,,
,,,,,,,,16.94,0.022842407,,,
,,,,,,,,16.96,0.074775696,,,
,,,,,,,,16.98,0.176551819,,,
,,,,,,,,17,0.270019531,,,
,,,,,,,,17.02,0.371795654,,,
,,,,,,,,17.04,0.51096344,,,
,,,,,,,,17.06,0.63974762,,,
,,,,,,,,17.08,0.760215759,,,
,,,,,,,,17.1,0.90145874,,,
,,,,,,,,17.12,1.071784973,,,
,,,,,,,,17.14,1.217178345,,,
,,,,,,,,17.16,1.302337646,,,
,,,,,,,,17.18,1.397888184,,,
,,,,,,,,17.2,1.491355896,,,
,,,,,,,,17.22,1.505897522,,,
,,,,,,,,17.24,1.42073822,,,
,,,,,,,,17.26,1.42073822,,,
,,,,,,,,17.28,1.574440002,,,
,,,,,,,,17.3,1.719841003,,,
,,,,,,,,17.32,1.784225464,,,
,,,,,,,,17.34,1.823692322,,,
,,,,,,,,17.36,1.898468018,,,
,,,,,,,,17.38,1.973243713,,,
,,,,,,,,17.4,1.979476929,,,
,,,,,,,,17.42,1.967010498,,,
,,,,,,,,17.44,1.950393677,,,
,,,,,,,,17.46,1.942085266,,,
,,,,,,,,17.48,1.92339325,,,
,,,,,,,,17.5,1.948318481,,,
,,,,,,,,17.52,2.039710999,,,
,,,,,,,,17.54,2.11656189,,,
,,,,,,,,17.56,2.118644714,,,
,,,,,,,,17.58,2.062561035,,,
,,,,,,,,17.6,1.998168945,,,
,,,,,,,,17.62,1.719841003,,,
,,,,,,,,17.64,0.774757385,,,
,,,,,,,,17.66,0.286636353,,,
,,,,,,,,17.68,0.093467712,,,
,,,,,,,,17.7,0.022842407,,,
,,,,,,,,17.72,-0.00415802,,,
,,,,,,,,17.74,-0.018699646,,,
,,,,,,,,17.76,-0.024925232,,,
,,,,,,,,17.78,-0.020774841,,,
,,,,,,,,17.8,-0.014541626,,,
,,,,,,,,17.82,-0.010391235,,,
,,,,,,,,17.84,-0.00415802,,,
,,,,,,,,17.86,-0.006233215,,,
,,,,,,,,17.88,-0.014541626,,,
,,,,,,,,17.9,-0.012466431,,,
,,,,,,,,17.92,-0.020774841,,,
,,,,,,,,17.94,-0.018699646,,,
,,,,,,,,17.96,-0.022850037,,,
,,,,,,,,17.98,-0.018699646,,,
,,,,,,,,18,-0.018699646,,,
,,,,,,,,18.02,-0.014541626,,,
,,,,,,,,18.04,-0.012466431,,,
,,,,,,,,18.06,-0.010391235,,,
,,,,,,,,18.08,-0.014541626,,,
,,,,,,,,18.1,-0.014541626,,,
,,,,,,,,18.12,-0.014541626,,,
,,,,,,,,18.14,-0.016616821,,,
,,,,,,,,18.16,-0.012466431,,,
,,,,,,,,18.18,-0.018699646,,,
,,,,,,,,18.2,-0.010391235,,,
,,,,,,,,18.22,-0.010391235,,,
,,,,,,,,18.24,-0.010391235,,,
,,,,,,,,18.26,-0.012466431,,,
,,,,,,,,18.28,-0.014541626,,,
,,,,,,,,18.3,-0.016616821,,,
,,,,,,,,18.32,-0.018699646,,,
,,,,,,,,18.34,-0.014541626,,,
,,,,,,,,18.36,-0.014541626,,,
,,,,,,,,18.38,-0.008308411,,,
,,,,,,,,18.4,-0.008308411,,,
,,,,,,,,18.42,-0.006233215,,,
,,,,,,,,18.44,-0.012466431,,,
,,,,,,,,18.46,-0.014541626,,,
,,,,,,,,18.48,-0.012466431,,,
,,,,,,,,18.5,-0.012466431,,,
,,,,,,,,18.52,-0.014541626,,,
,,,,,,,,18.54,-0.010391235,,,
,,,,,,,,18.56,-0.012466431,,,
,,,,,,,,18.58,-0.014541626,,,
,,,,,,,,18.6,-0.020774841,,,
,,,,,,,,18.62,-0.016616821,,,
,,,,,,,,18.64,-0.014541626,,,
,,,,,,,,18.66,-0.008308411,,,
,,,,,,,,18.68,-0.008308411,,,
,,,,,,,,18.7,-0.012466431,,,
,,,,,,,,18.72,-0.012466431,,,
,,,,,,,,18.74,-0.010391235,,,
,,,,,,,,18.76,-0.010391235,,,
,,,,,,,,18.78,-0.012466431,,,
,,,,,,,,18.8,-0.012466431,,,
,,,,,,,,18.82,-0.016616821,,,
,,,,,,,,18.84,-0.010391235,,,
,,,,,,,,18.86,-0.012466431,,,
,,,,,,,,18.88,-0.014541626,,,
,,,,,,,,18.9,-0.010391235,,,
,,,,,,,,18.92,-0.012466431,,,
,,,,,,,,18.94,-0.016616821,,,
,,,,,,,,18.96,-0.014541626,,,
,,,,,,,,18.98,-0.012466431,,,
,,,,,,,,19,-0.012466431,,,
,,,,,,,,19.02,-0.014541626,,,
,,,,,,,,19.04,-0.014541626,,,
,,,,,,,,19.06,-0.014541626,,,
,,,,,,,,19.08,-0.012466431,,,
,,,,,,,,19.1,-0.016616821,,,
,,,,,,,,19.12,-0.018699646,,,
,,,,,,,,19.14,-0.016616821,,,
,,,,,,,,19.16,-0.014541626,,,
,,,,,,,,19.18,-0.010391235,,,
,,,,,,,,19.2,-0.016616821,,,
,,,,,,,,19.22,-0.012466431,,,
,,,,,,,,19.24,-0.018699646,,,
,,,,,,,,19.26,-0.014541626,,,
,,,,,,,,19.28,-0.014541626,,,
,,,,,,,,19.3,-0.010391235,,,
,,,,,,,,19.32,-0.010391235,,,
,,,,,,,,19.34,-0.010391235,,,
,,,,,,,,19.36,-0.008308411,,,
,,,,,,,,19.38,-0.010391235,,,
,,,,,,,,19.4,-0.016616821,,,
,,,,,,,,19.42,-0.012466431,,,
,,,,,,,,19.44,-0.012466431,,,
,,,,,,,,19.46,-0.006233215,,,
,,,,,,,,19.48,-0.012466431,,,
,,,,,,,,19.5,-0.022850037,,,
,,,,,,,,19.52,-0.024925232,,,
,,,,,,,,19.54,-0.018699646,,,
,,,,,,,,19.56,-0.016616821,,,
,,,,,,,,19.58,-0.012466431,,,
,,,,,,,,19.6,-0.008308411,,,
,,,,,,,,19.62,-0.014541626,,,
,,,,,,,,19.64,-0.010391235,,,
,,,,,,,,19.66,-0.014541626,,,
,,,,,,,,19.68,-0.010391235,,,