Time,S2_Pre,S2_T1,S2_T2,S2_T3,S2_T4,S2_T5
0,-0.018699646,-0.022850037,-0.031158447,-0.029075623,-0.031158447,-0.002082825
0.02,-0.008308411,-0.022850037,-0.035308838,-0.029075623,-0.024925232,-0.002082825
0.04,-0.016616821,-0.027008057,-0.029083252,-0.035308838,-0.024925232,0.004150391
0.06,-0.018699646,-0.029083252,-0.031158447,-0.031158447,-0.033233643,0.002075195
0.08,-0.010391235,-0.029083252,-0.035308838,-0.027000427,-0.033233643,-0.002082825
0.1,-0.012466431,-0.031158447,-0.039466858,-0.031158447,-0.031158447,-0.002082825
0.12,-0.014541626,-0.024925232,-0.035308838,-0.024925232,-0.033233643,0
0.14,-0.010391235,-0.024925232,-0.039466858,-0.033233643,-0.027008057,0.002075195
0.16,-0.012466431,-0.024925232,-0.037391663,-0.031158447,-0.031158447,0.002075195
0.18,-0.012466431,-0.029083252,-0.027000427,-0.022850037,-0.033233643,-0.00415802
0.2,-0.010391235,-0.027008057,-0.027000427,-0.024925232,-0.022850037,0
0.22,-0.014541626,-0.033233643,-0.031158447,-0.024925232,-0.029083252,0.004150391
0.24,-0.024925232,-0.029083252,-0.031158447,-0.027000427,-0.033233643,-0.002082825
0.26,-0.016616821,-0.024925232,-0.035308838,-0.029075623,-0.029083252,0.004150391
0.28,-0.018699646,-0.024925232,-0.039466858,-0.035308838,-0.033233643,0.002075195
0.3,-0.010391235,-0.029083252,-0.033233643,-0.033233643,-0.022850037,-0.008308411
0.32,-0.022850037,-0.031158447,-0.037391663,-0.024925232,-0.027008057,-0.00415802
0.34,-0.018699646,-0.022850037,-0.037391663,-0.031158447,-0.029083252,-0.002082825
0.36,-0.012466431,-0.029083252,-0.035308838,-0.033233643,-0.024925232,-0.00415802
0.38,-0.010391235,-0.027008057,-0.039466858,-0.033233643,-0.020774841,0.002075195
0.4,-0.014541626,-0.024925232,-0.033233643,-0.027000427,-0.024925232,-0.002082825
0.42,-0.014541626,-0.024925232,-0.039466858,-0.033233643,-0.037391663,0
0.44,-0.014541626,-0.024925232,-0.037391663,-0.031158447,-0.022850037,-0.002082825
0.46,-0.018699646,-0.022850037,-0.031158447,-0.029075623,-0.033233643,0
0.48,-0.014541626,-0.024925232,-0.031158447,-0.029075623,-0.018699646,0
0.5,-0.010391235,-0.024925232,-0.035308838,-0.031158447,-0.024925232,-0.002082825
0.52,-0.014541626,-0.027008057,-0.029083252,-0.037384033,-0.029083252,0.004150391
0.54,-0.018699646,-0.024925232,-0.024925232,-0.031158447,-0.027008057,0.002075195
0.56,-0.012466431,-0.027008057,-0.037391663,-0.037384033,-0.027008057,0.004150391
0.58,-0.012466431,-0.020774841,-0.037391663,-0.037384033,-0.029083252,0.002075195
0.6,-0.014541626,-0.029083252,-0.037391663,-0.024925232,-0.031158447,0.006225586
0.62,-0.016616821,-0.033233643,-0.037391663,-0.031158447,-0.024925232,0.004150391
0.64,-0.010391235,-0.031158447,-0.027000427,-0.029075623,-0.024925232,0.004150391
0.66,-0.010391235,-0.024925232,-0.033233643,-0.031158447,-0.027008057,0.004150391
0.68,-0.012466431,-0.016616821,-0.031158447,-0.031158447,-0.031158447,-0.006233215
0.7,-0.016616821,-0.029083252,-0.031158447,-0.033233643,-0.027008057,0.006225586
0.72,-0.016616821,-0.027008057,-0.033233643,-0.035308838,-0.024925232,0.002075195
0.74,-0.016616821,-0.022850037,-0.033233643,-0.035308838,-0.031158447,-0.002082825
0.76,-0.014541626,-0.018699646,-0.033233643,-0.033233643,-0.027008057,0.006225586
0.78,-0.012466431,-0.024925232,-0.035308838,-0.024925232,-0.029083252,0.008308411
0.8,-0.010391235,-0.029083252,-0.039466858,-0.029075623,-0.027008057,0
0.82,-0.016616821,-0.029083252,-0.033233643,-0.020767212,-0.029083252,0
0.84,-0.012466431,-0.029083252,-0.033233643,-0.033233643,-0.020774841,-0.00415802
0.86,-0.020774841,-0.027008057,-0.031158447,-0.018692017,-0.027008057,0.006225586
0.88,-0.016616821,-0.024925232,-0.035308838,-0.027000427,-0.022850037,0
0.9,-0.016616821,-0.029083252,-0.031158447,-0.022850037,-0.029083252,0.004150391
0.92,-0.010391235,-0.024925232,-0.033233643,-0.024925232,-0.029083252,0.008308411
0.94,-0.020774841,-0.027008057,-0.029083252,-0.024925232,-0.024925232,0.006225586
0.96,-0.016616821,-0.029083252,-0.037391663,-0.029075623,-0.033233643,-0.006233215
0.98,-0.020774841,-0.029083252,-0.041542053,-0.029075623,-0.031158447,0
1,-0.014541626,-0.033233643,-0.037391663,-0.024925232,-0.033233643,-0.002082825
1.02,-0.014541626,-0.031158447,-0.039466858,-0.029075623,-0.031158447,0.002075195
1.04,-0.020774841,-0.033233643,-0.033233643,-0.029075623,-0.035316467,0.002075195
1.06,-0.014541626,-0.035316467,-0.037391663,-0.029075623,-0.031158447,-0.006233215
1.08,-0.016616821,-0.029083252,-0.033233643,-0.029075623,-0.027008057,0
1.1,-0.012466431,-0.024925232,-0.029083252,-0.027000427,-0.035316467,0
1.12,-0.014541626,-0.029083252,-0.033233643,-0.031158447,-0.029083252,0.006225586
1.14,-0.012466431,-0.016616821,-0.033233643,-0.031158447,-0.037391663,0.002075195
1.16,-0.006233215,-0.029083252,-0.039466858,-0.033233643,-0.033233643,0.004150391
1.18,-0.016616821,-0.020774841,-0.033233643,-0.033233643,-0.037391663,0.006225586
1.2,-0.014541626,-0.027008057,-0.033233643,-0.031158447,-0.033233643,0.002075195
1.22,-0.018699646,-0.024925232,-0.043617249,-0.029075623,-0.022850037,0
1.24,-0.020774841,-0.024925232,-0.045700073,-0.027000427,-0.029083252,0.008308411
1.26,-0.022850037,-0.027008057,-0.054008484,-0.020767212,-0.033233643,-0.002082825
1.28,-0.014541626,-0.041542053,-0.056083679,-0.033233643,-0.031158447,0.002075195
1.3,-0.012466431,-0.039466858,-0.054008484,-0.033233643,-0.027008057,-0.010391235
1.32,-0.016616821,-0.035316467,-0.054008484,-0.024925232,-0.037391663,0
1.34,-0.008308411,-0.039466858,-0.06439209,-0.029075623,-0.035316467,0.004150391
1.36,-0.008308411,-0.035316467,-0.06439209,-0.033233643,-0.037391663,0.004150391
1.38,-0.010391235,-0.035316467,-0.06023407,-0.027000427,-0.033233643,0.002075195
1.4,-0.012466431,-0.039466858,-0.06439209,-0.027000427,-0.037391663,0.008308411
1.42,-0.014541626,-0.039466858,-0.06439209,-0.027000427,-0.035316467,0.006225586
1.44,-0.014541626,-0.024925232,-0.06439209,-0.022850037,-0.035316467,0.006225586
1.46,-0.014541626,-0.018699646,-0.062316895,-0.031158447,-0.041542053,-0.00415802
1.48,-0.014541626,-0.024925232,-0.062316895,-0.022850037,-0.045700073,0.002075195
1.5,-0.010391235,-0.024925232,-0.066467285,-0.029075623,-0.043624878,-0.00415802
1.52,-0.010391235,-0.020774841,-0.062316895,-0.027000427,-0.051933289,0
1.54,-0.006233215,-0.022850037,-0.066467285,-0.029075623,-0.058158875,0.004150391
1.56,-0.016616821,-0.031158447,-0.066467285,-0.033233643,-0.058158875,0.008308411
1.58,-0.024925232,-0.031158447,-0.078933716,-0.027000427,-0.062316895,0.006225586
1.6,-0.012466431,-0.024925232,-0.070625305,-0.033233643,-0.060241699,0.004150391
1.62,-0.014541626,-0.008308411,-0.070625305,-0.031158447,-0.062316895,0.002075195
1.64,-0.012466431,0.031150818,-0.074775696,-0.031158447,-0.062316895,0.008308411
1.66,-0.018699646,0.076850891,-0.074775696,-0.029075623,-0.062316895,0.006225586
1.68,-0.012466431,0.101776123,-0.0727005,-0.033233643,-0.070625305,0
1.7,-0.012466431,0.108009338,-0.0727005,-0.024925232,-0.06855011,0
1.72,-0.016616821,0.116317749,-0.078933716,-0.024925232,-0.070625305,-0.002082825
1.74,-0.018699646,0.141242981,-0.076850891,-0.022850037,-0.066467285,0.002075195
1.76,-0.016616821,0.176551819,-0.0727005,-0.033233643,-0.062316895,0
1.78,-0.012466431,0.191093445,-0.081008911,-0.027000427,-0.070625305,0.002075195
1.8,-0.008308411,0.168243408,-0.076850891,-0.033233643,-0.070625305,0
1.82,-0.010391235,0.116317749,-0.0727005,-0.033233643,-0.060241699,0
1.84,-0.014541626,0.085159302,-0.074775696,-0.027000427,-0.060241699,0.004150391
1.86,-0.010391235,0.099700928,-0.076850891,-0.024925232,-0.06439209,0
1.88,-0.016616821,0.126701355,-0.06854248,-0.033233643,-0.066467285,-0.00415802
1.9,-0.00415802,0.13293457,-0.070625305,-0.029075623,-0.06439209,0
1.92,-0.008308411,0.44657135,-0.070625305,-0.024925232,-0.060241699,0.006225586
1.94,-0.018699646,0.716598511,-0.0727005,-0.029075623,-0.06855011,0.010383606
1.96,-0.010391235,0.891075134,-0.0727005,-0.027000427,-0.060241699,0.004150391
1.98,-0.010391235,1.036468506,-0.06854248,-0.027000427,-0.054008484,0.002075195
2,-0.012466431,1.080093384,-0.066467285,-0.027000427,-0.024925232,0
2.02,-0.010391235,1.080093384,-0.070625305,-0.027000427,0.112159729,0.006225586
2.04,-0.020774841,1.078010559,-0.06439209,-0.031158447,0.232635498,0
2.06,-0.016616821,1.096710205,-0.06854248,-0.029075623,0.288711548,0.004150391
2.08,-0.014541626,1.08631897,-0.070625305,-0.029075623,0.3177948,0.004150391
2.1,-0.014541626,1.036468506,-0.066467285,-0.029075623,0.32194519,0.006225586
2.12,-0.014541626,0.918075562,-0.066467285,-0.024925232,0.336486816,-0.002082825
2.14,-0.014541626,0.776832581,-0.070625305,-0.031158447,0.301177979,0.010383606
2.16,-0.014541626,0.656364441,-0.062316895,-0.024925232,0.195243835,0.008308411
2.18,-0.014541626,0.573280334,-0.062316895,-0.031158447,0.081001282,0.006225586
2.2,-0.016616821,0.533813477,-0.062316895,-0.031158447,0.004150391,0.002075195
2.22,-0.010391235,0.531738281,-0.06439209,-0.033233643,-0.027008057,-0.002082825
2.24,-0.014541626,0.504730225,-0.06439209,-0.037384033,-0.029083252,0.002075195
2.26,-0.012466431,0.461112976,-0.066467285,-0.031158447,0.039459229,-0.002082825
2.28,-0.016616821,0.425804138,-0.066467285,-0.033233643,0.135009766,-0.008308411
2.3,-0.012466431,0.413337708,-0.047775269,-0.029075623,0.122543335,-0.006233215
2.32,-0.008308411,0.427879333,0.002075195,-0.029075623,0.062309265,0
2.34,-0.006233215,0.463188171,0.047775269,-0.027000427,0.051925659,-0.008308411
2.36,-0.014541626,0.548355103,0.085159302,-0.020767212,0.089309692,-0.014541626
2.38,-0.014541626,0.641822815,0.110084534,-0.027000427,0.105926514,-0.012466431
2.4,-0.016616821,0.766448975,0.18901825,-0.024925232,0.176551819,-0.008308411
2.42,-0.010391235,0.857841492,0.332336426,-0.029075623,0.342720032,-0.006233215
2.44,-0.016616821,0.90145874,0.500579834,-0.033233643,0.500579834,-0.010391235
2.46,-0.018699646,0.891075134,0.656364441,-0.031158447,0.57119751,-0.006233215
2.48,-0.012466431,0.851608276,0.76852417,-0.029075623,0.517196655,-0.00415802
2.5,-0.024925232,0.810066223,0.820457458,-0.027000427,0.346870422,-0.010391235
2.52,-0.020774841,0.812141418,0.84538269,-0.031158447,0.216018677,-0.012466431
2.54,-0.016616821,0.83291626,0.859916687,-0.031158447,0.228477478,-0.012466431
2.56,-0.016616821,0.868225098,0.891075134,-0.033233643,0.330253601,-0.020774841
2.58,-0.012466431,0.928459167,0.932617188,-0.033233643,0.432037354,-0.012466431
2.6,-0.008308411,0.982467651,0.992851257,-0.033233643,0.483963013,-0.014541626
2.62,-0.010391235,1.032318115,1.063476563,-0.031158447,0.463188171,-0.016616821
2.64,-0.012466431,1.075935364,1.140327454,-0.033233643,0.411262512,-0.012466431
2.66,-0.008308411,1.107093811,1.194335938,-0.033233643,0.380104065,-0.012466431
2.68,-0.008308411,1.15901947,1.188102722,-0.033233643,0.400878906,-0.010391235
2.7,-0.006233215,1.198486328,1.179794312,-0.033233643,0.473579407,-0.016616821
2.72,-0.006233215,1.221336365,1.173561096,-0.031158447,0.506813049,-0.024925232
2.74,-0.012466431,1.215103149,1.192253113,-0.041542053,0.496421814,-0.018699646
2.76,-0.016616821,1.221336365,1.204719543,-0.031158447,0.465270996,-0.016616821
2.78,-0.018699646,1.235870361,1.206794739,-0.035308838,0.469421387,-0.016616821
2.8,-0.012466431,1.248336792,1.210952759,-0.033233643,0.51096344,-0.018699646
2.82,-0.014541626,1.229644775,1.219261169,-0.039466858,0.558738708,-0.027008057
2.84,-0.018699646,1.213027954,1.22756958,-0.037384033,0.600280762,-0.016616821
2.86,-0.016616821,1.210945129,1.240028381,-0.047775269,0.621047974,0.002075195
2.88,-0.016616821,1.179794312,1.244186401,-0.045692444,0.621047974,0.137084961
2.9,-0.014541626,1.111244202,1.231719971,-0.047775269,0.623130798,0.245094299
2.92,-0.010391235,1.071784973,1.213027954,-0.058158875,0.6355896,0.31363678
2.94,-0.012466431,1.038551331,1.215103149,-0.058158875,0.650131226,0.394645691
2.96,-0.008308411,1.015701294,1.213027954,-0.066467285,0.666748047,0.427879333
2.98,-0.016616821,0.982467651,1.200561523,-0.0727005,0.685440063,0.44657135
3,-0.018699646,0.928459167,1.177719116,-0.078926086,0.706214905,0.429954529
3.02,-0.014541626,0.812141418,1.169410706,-0.074775696,0.726982117,0.396720886
3.04,-0.010391235,0.751907349,1.144485474,-0.074775696,0.739448547,0.38633728
3.06,-0.016616821,0.805915833,1.119560242,-0.076850891,0.756065369,0.384262085
3.08,-0.008308411,0.957542419,1.09463501,-0.06854248,0.770599365,0.402954102
3.1,-0.024925232,0.77268219,1.024009705,-0.078926086,0.795524597,0.452804565
3.12,-0.014541626,0.303253174,0.978317261,-0.081008911,0.816299438,0.486038208
3.14,-0.014541626,0.083084106,0.990776062,-0.078926086,0.816299438,0.502655029
3.16,-0.010391235,0.012458801,1.084243774,-0.076850891,0.822532654,0.500579834
3.18,0.066467285,-0.029083252,1.194335938,-0.078926086,0.859916687,0.496421814
3.2,0.143318176,-0.029083252,1.269111633,-0.081008911,0.886917114,0.481887817
3.22,0.172393799,-0.039466858,1.318962097,-0.076850891,0.90145874,0.467346191
3.24,0.19316864,-0.033233643,1.391654968,-0.078926086,0.886917114,0.442420959
3.26,0.197319031,-0.041542053,1.483047485,-0.0727005,0.884841919,0.396720886
3.28,0.201477051,-0.039466858,1.576522827,-0.076850891,0.903533936,0.38633728
3.3,0.195243835,-0.043624878,1.628448486,-0.074775696,0.932617188,0.423728943
3.32,0.180702209,-0.043624878,1.647140503,-0.076850891,0.891075134,0.475654602
3.34,0.178627014,-0.045700073,1.661682129,-0.078926086,0.411262512,0.504730225
3.36,0.166168213,-0.045700073,1.659606934,-0.0727005,0.139160156,0.513038635
3.38,0.159934998,-0.045700073,1.66583252,-0.0727005,0.022842407,0.527580261
3.4,0.143318176,-0.047775269,1.672065735,-0.074775696,-0.020774841,0.535888672
3.42,0.143318176,-0.039466858,1.703224182,-0.066467285,-0.029083252,0.533813477
3.44,0.089309692,-0.045700073,1.730224609,-0.074775696,-0.037391663,0.537963867
3.46,0.033233643,-0.049850464,1.711532593,-0.066467285,-0.043624878,0.531738281
3.48,0.002075195,-0.035316467,1.66583252,-0.06023407,-0.043624878,0.523429871
3.5,-0.008308411,-0.037391663,1.628448486,-0.066467285,-0.045700073,0.525505066
3.52,-0.008308411,-0.043624878,1.568214417,-0.070617676,-0.051933289,0.477729797
3.54,-0.018699646,-0.045700073,1.443588257,-0.070617676,-0.043624878,0.363487244
3.56,-0.014541626,-0.039466858,1.294036865,-0.06854248,-0.033233643,0.245094299
3.58,-0.012466431,-0.033233643,1.152793884,-0.06854248,-0.043624878,0.13293457
3.6,-0.010391235,-0.045700073,1.078018188,-0.062309265,-0.035316467,0.06854248
3.62,-0.016616821,-0.041542053,1.125785828,-0.058158875,-0.043624878,0.06438446
3.64,0.010383606,-0.041542053,1.173561096,-0.06023407,-0.039466858,0.101776123
3.66,0.101776123,-0.031158447,1.019859314,-0.014541626,-0.043624878,0.186935425
3.68,0.201477051,-0.027008057,0.96585083,0.108009338,-0.039466858,0.299102783
3.7,0.261711121,-0.035316467,1.044784546,0.224327087,-0.043624878,0.396720886
3.72,0.299102783,-0.031158447,1.080093384,0.284561157,-0.047775269,0.392570496
3.74,0.353103638,-0.035316467,0.982467651,0.32195282,-0.043624878,0.328178406
3.76,0.438262939,-0.037391663,0.824607849,0.409187317,-0.037391663,0.230552673
3.78,0.456962585,-0.033233643,0.710365295,0.51927948,-0.039466858,0.149551392
3.8,0.459037781,-0.031158447,0.683364868,0.604438782,-0.035316467,0.230552673
3.82,0.461112976,-0.037391663,0.747756958,0.666748047,-0.024925232,0.463188171
3.84,0.465270996,-0.033233643,0.839149475,0.699981689,-0.031158447,0.623130798
3.86,0.463188171,-0.027008057,0.888999939,0.733215332,-0.035316467,0.633514404
3.88,0.459037781,-0.029083252,0.90561676,0.795532227,-0.033233643,0.558738708
3.9,0.423728943,-0.031158447,0.932617188,0.891075134,-0.033233643,0.477729797
3.92,0.429954529,-0.031158447,0.957542419,0.955467224,-0.031158447,0.409187317
3.94,0.434112549,-0.035316467,0.922233582,0.994934082,-0.033233643,0.483963013
3.96,0.419570923,-0.031158447,0.849533081,1.040626526,-0.033233643,0.689598083
3.98,0.38633728,-0.031158447,0.822532654,1.09463501,-0.035316467,0.895225525
4,0.363487244,-0.027008057,0.880691528,1.142410278,-0.022850037,0.974159241
4.02,0.324028015,-0.029083252,0.988700867,1.152793884,-0.029083252,0.994926453
4.04,0.284561157,-0.029083252,1.123710632,1.16733551,-0.029083252,1.017776489
4.06,0.220169067,-0.035316467,1.186027527,1.169410706,-0.033233643,1.071784973
4.08,0.12046814,-0.027008057,1.194335938,1.165252686,-0.024925232,1.109169006
4.1,0.041542053,-0.031158447,1.177719116,1.1590271,-0.029083252,1.0987854
4.12,0.008308411,-0.031158447,1.127868652,1.177719116,-0.029083252,1.069702148
4.14,-0.006233215,-0.029083252,1.092552185,1.210952759,-0.024925232,1.034393311
4.16,-0.018699646,-0.033233643,1.125785828,1.229644775,-0.024925232,1.096710205
4.18,-0.020774841,-0.037391663,1.229644775,1.264953613,-0.031158447,1.200561523
4.2,-0.014541626,-0.035316467,1.345962524,1.298187256,-0.027008057,1.289878845
4.22,-0.014541626,-0.024925232,1.40827179,1.306495667,-0.027008057,1.331420898
4.24,-0.020774841,-0.031158447,1.410354614,1.308578491,-0.027008057,1.331420898
4.26,-0.018699646,-0.031158447,1.370887756,1.341812134,-0.024925232,1.318954468
4.28,-0.020774841,-0.029083252,1.304420471,1.391662598,-0.029083252,1.304420471
4.3,-0.008308411,-0.033233643,1.202644348,1.426971436,-0.031158447,1.329345703
4.32,-0.006233215,-0.029083252,1.096710205,1.464355469,-0.029083252,1.41242981
4.34,-0.012466431,-0.027008057,1.001159668,1.48097229,-0.024925232,1.518356323
4.36,-0.016616821,-0.035316467,0.967926025,1.501747131,-0.031158447,1.622215271
4.38,-0.016616821,-0.024925232,0.916000366,1.518363953,-0.031158447,1.717758179
4.4,-0.018699646,-0.029083252,0.83707428,1.54536438,-0.031158447,1.846542358
4.42,-0.016616821,-0.029083252,0.729064941,1.555747986,-0.027008057,1.977401733
4.44,-0.014541626,-0.027008057,0.631439209,1.539131165,-0.027008057,1.595214844
4.46,-0.012466431,-0.031158447,0.598205566,1.510055542,-0.029083252,0.679206848
4.48,-0.014541626,-0.033233643,0.629364014,1.391662598,-0.031158447,0.245094299
4.5,-0.018699646,-0.033233643,0.685440063,1.22341156,-0.022850037,0.078926086
4.52,-0.016616821,-0.029083252,0.805915833,1.061401367,-0.022850037,0.018692017
4.54,-0.018699646,-0.033233643,0.963775635,0.972084045,-0.027008057,0.002075195
4.56,-0.014541626,-0.035316467,1.123710632,0.963775635,-0.024925232,-0.018699646
4.58,-0.018699646,-0.037391663,1.165252686,1.015701294,-0.027008057,-0.016616821
4.6,-0.012466431,-0.039466858,1.179794312,1.092559814,-0.027008057,-0.018699646
4.62,-0.012466431,-0.029083252,1.165252686,1.183952332,-0.022850037,-0.018699646
4.64,-0.016616821,-0.031158447,1.109169006,1.271186829,-0.029083252,-0.024925232
4.66,-0.010391235,-0.035316467,1.063476563,1.368812561,-0.024925232,-0.012466431
4.68,-0.014541626,-0.031158447,0.71244812,1.437355042,-0.031158447,-0.018699646
4.7,-0.012466431,-0.033233643,0.577430725,1.453971863,-0.029083252,-0.016616821
4.72,-0.016616821,-0.027008057,0.625205994,1.439430237,-0.024925232,-0.016616821
4.74,-0.018699646,-0.029083252,0.679214478,1.445663452,-0.024925232,-0.018699646
4.76,-0.022850037,-0.037391663,0.726982117,1.514205933,-0.022850037,-0.022850037
4.78,-0.016616821,-0.031158447,0.753990173,1.597290039,-0.024925232,-0.016616821
4.8,-0.014541626,-0.027008057,0.735290527,1.659606934,-0.022850037,-0.020774841
4.82,-0.014541626,-0.035316467,0.658439636,1.717765808,-0.027008057,-0.020774841
4.84,-0.014541626,-0.031158447,0.602355957,1.759307861,-0.022850037,-0.014541626
4.86,-0.008308411,-0.033233643,0.616897583,1.784233093,-0.027008057,-0.014541626
4.88,-0.012466431,-0.037391663,0.718673706,1.775924683,-0.022850037,-0.016616821
4.9,-0.010391235,-0.027008057,0.84538269,1.788383484,-0.024925232,-0.012466431
4.92,-0.012466431,-0.033233643,0.903541565,1.809158325,-0.027008057,-0.014541626
4.94,-0.014541626,-0.033233643,0.913925171,1.86315918,-0.024925232,-0.020774841
4.96,-0.012466431,-0.033233643,0.895233154,1.591064453,-0.024925232,-0.010391235
4.98,-0.014541626,-0.024925232,0.878616333,0.683364868,-0.022850037,-0.014541626
5,-0.016616821,-0.033233643,0.89730835,0.236793518,-0.024925232,-0.014541626
5.02,-0.012466431,-0.027008057,0.936775208,0.058158875,-0.020774841,-0.010391235
5.04,-0.018699646,-0.029083252,0.957542419,-0.006233215,-0.024925232,-0.002082825
5.06,-0.012466431,-0.031158447,0.928466797,-0.029075623,-0.031158447,-0.016616821
5.08,-0.00415802,-0.031158447,0.864074707,-0.033233643,-0.024925232,-0.008308411
5.1,-0.012466431,-0.033233643,0.874458313,-0.043617249,-0.027008057,0.002075195
5.12,-0.012466431,-0.033233643,0.888999939,-0.041542053,-0.022850037,0
5.14,-0.012466431,-0.035316467,0.415420532,-0.039466858,-0.027008057,-0.006233215
5.16,-0.014541626,-0.037391663,0.278327942,-0.041542053,-0.022850037,-0.00415802
5.18,-0.014541626,-0.029083252,0.3177948,-0.041542053,-0.029083252,0.002075195
5.2,-0.010391235,-0.031158447,0.380111694,-0.039466858,-0.024925232,0.006225586
5.22,-0.010391235,-0.033233643,0.334411621,-0.045692444,-0.029083252,0
5.24,-0.014541626,-0.031158447,0.207710266,-0.041542053,-0.027008057,0
5.26,-0.012466431,-0.029083252,0.112159729,-0.039466858,-0.029083252,-0.00415802
5.28,-0.012466431,-0.035316467,0.149551392,-0.035308838,-0.031158447,0.004150391
5.3,-0.008308411,-0.035316467,0.301177979,-0.037384033,-0.022850037,0
5.32,-0.018699646,-0.024925232,0.523429871,-0.041542053,-0.029083252,0
5.34,-0.016616821,-0.033233643,0.731140137,-0.037384033,-0.024925232,-0.006233215
5.36,-0.014541626,-0.031158447,0.922233582,-0.035308838,-0.031158447,0.002075195
5.38,-0.008308411,-0.037391663,1.109169006,-0.037384033,-0.029083252,0.002075195
5.4,-0.012466431,,1.240028381,-0.037384033,,0
5.42,-0.014541626,,1.395812988,-0.035308838,,0
5.44,-0.014541626,,1.595214844,-0.041542053,,0
5.46,-0.012466431,,1.821617126,-0.035308838,,-0.002082825
5.48,-0.010391235,,1.246261597,-0.039466858,,-0.00415802
5.5,-0.014541626,,0.475654602,-0.039466858,,-0.008308411
5.52,-0.012466431,,0.137084961,-0.035308838,,0
5.54,-0.012466431,,0.018692017,-0.035308838,,-0.00415802
5.56,-0.014541626,,-0.024925232,-0.031158447,,-0.002082825
5.58,-0.012466431,,-0.047775269,-0.039466858,,-0.006233215
5.6,-0.022850037,,-0.049850464,-0.027000427,,-0.002082825
5.62,-0.014541626,,-0.056083679,-0.024925232,,0
5.64,-0.010391235,,-0.058158875,-0.029075623,,0.002075195
5.66,-0.00415802,,-0.049850464,-0.033233643,,0
5.68,-0.010391235,,-0.058158875,-0.029075623,,-0.00415802
5.7,-0.010391235,,-0.058158875,-0.027000427,,-0.00415802
5.72,-0.014541626,,-0.06023407,-0.027000427,,-0.002082825
5.74,-0.018699646,,-0.06023407,-0.037384033,,-0.00415802
5.76,-0.014541626,,-0.066467285,-0.031158447,,0.004150391
5.78,-0.010391235,,-0.062316895,-0.031158447,,0.002075195
5.8,-0.014541626,,-0.056083679,-0.031158447,,-0.002082825
5.82,-0.002082825,,-0.062316895,-0.037384033,,0
5.84,0.035308838,,-0.056083679,-0.027000427,,0.004150391
5.86,0.103851318,,-0.056083679,-0.029075623,,0.002075195
5.88,0.164085388,,-0.06023407,-0.033233643,,-0.00415802
5.9,0.18901062,,-0.062316895,-0.029075623,,-0.002082825
5.92,0.213935852,,-0.056083679,-0.035308838,,-0.002082825
5.94,0.232635498,,-0.054008484,-0.029075623,,0.002075195
5.96,0.222244263,,-0.06023407,-0.029075623,,0
5.98,0.172393799,,-0.054008484,-0.027000427,,-0.006233215
6,0.105926514,,-0.06439209,-0.022850037,,-0.002082825
6.02,0.045692444,,-0.051925659,-0.024925232,,0
6.04,0.012458801,,-0.054008484,-0.029075623,,-0.00415802
6.06,0.004150391,,-0.056083679,-0.029075623,,-0.00415802
6.08,0.049850464,,-0.058158875,-0.029075623,,0.008308411
6.1,0.089309692,,-0.06023407,-0.033233643,,0.002075195
6.12,0.045692444,,-0.058158875,-0.031158447,,0.002075195
6.14,0.008308411,,-0.051925659,-0.027000427,,-0.002082825
6.16,-0.002082825,,-0.045700073,-0.037384033,,-0.002082825
6.18,-0.014541626,,-0.056083679,-0.024925232,,0.002075195
6.2,-0.012466431,,-0.051925659,-0.031158447,,-0.002082825
6.22,-0.016616821,,-0.058158875,-0.033233643,,-0.006233215
6.24,-0.014541626,,-0.043617249,-0.029075623,,-0.002082825
6.26,-0.012466431,,-0.045700073,-0.033233643,,0
6.28,-0.010391235,,-0.054008484,-0.033233643,,-0.008308411
6.3,-0.010391235,,-0.049850464,-0.033233643,,
6.32,-0.012466431,,-0.045700073,-0.027000427,,
6.34,-0.014541626,,-0.045700073,-0.035308838,,
6.36,-0.018699646,,-0.045700073,-0.037384033,,
6.38,-0.014541626,,-0.047775269,-0.029075623,,
6.4,-0.016616821,,-0.047775269,,,
6.42,-0.014541626,,-0.051925659,,,
6.44,-0.014541626,,-0.043617249,,,
6.46,-0.012466431,,-0.054008484,,,
6.48,-0.006233215,,-0.047775269,,,
6.5,0.101776123,,-0.041542053,,,
6.52,0.249252319,,-0.043617249,,,
6.54,0.342720032,,-0.043617249,,,
6.56,0.434112549,,-0.033233643,,,
6.58,0.519271851,,-0.041542053,,,
6.6,0.567047119,,-0.039466858,,,
6.62,0.573280334,,-0.039466858,,,
6.64,0.560813904,,-0.043617249,,,
6.66,0.540046692,,-0.047775269,,,
6.68,0.488113403,,-0.051925659,,,
6.7,0.398803711,,-0.043617249,,,
6.72,0.330253601,,-0.041542053,,,
6.74,0.259635925,,-0.039466858,,,
6.76,0.216018677,,-0.043617249,,,
6.78,0.19316864,,-0.035308838,,,
6.8,0.151626587,,-0.047775269,,,
6.82,0.139160156,,-0.045700073,,,
6.84,0.12046814,,-0.045700073,,,
6.86,0.093467712,,-0.047775269,,,
6.88,0.049850464,,-0.045700073,,,
6.9,0.012458801,,-0.049850464,,,
6.92,-0.002082825,,-0.043617249,,,
6.94,-0.008308411,,-0.043617249,,,
6.96,-0.012466431,,-0.039466858,,,
6.98,-0.018699646,,-0.043617249,,,
7,-0.012466431,,-0.043617249,,,
7.02,-0.010391235,,-0.043617249,,,
7.04,-0.014541626,,-0.043617249,,,
7.06,-0.006233215,,-0.045700073,,,
7.08,-0.012466431,,-0.037391663,,,
7.1,-0.018699646,,-0.035308838,,,
7.12,-0.020774841,,-0.043617249,,,
7.14,-0.008308411,,-0.033233643,,,
7.16,-0.016616821,,-0.039466858,,,
7.18,-0.010391235,,-0.041542053,,,
7.2,-0.010391235,,-0.043617249,,,
7.22,-0.010391235,,-0.043617249,,,
7.24,-0.00415802,,-0.039466858,,,
7.26,-0.016616821,,-0.045700073,,,
7.28,-0.014541626,,-0.043617249,,,
7.3,-0.008308411,,-0.045700073,,,
7.32,-0.008308411,,-0.041542053,,,
7.34,-0.010391235,,-0.035308838,,,
7.36,-0.008308411,,-0.039466858,,,
7.38,-0.020774841,,-0.041542053,,,
7.4,-0.016616821,,-0.035308838,,,
7.42,-0.018699646,,-0.035308838,,,
7.44,-0.016616821,,-0.031158447,,,
7.46,-0.010391235,,-0.035308838,,,
7.48,-0.010391235,,-0.041542053,,,
7.5,-0.014541626,,-0.041542053,,,
7.52,-0.014541626,,-0.037391663,,,
7.54,-0.014541626,,-0.043617249,,,
7.56,-0.016616821,,-0.041542053,,,
7.58,-0.020774841,,-0.045700073,,,
7.6,-0.020774841,,,,,
7.62,-0.018699646,,,,,
7.64,-0.014541626,,,,,
7.66,-0.006233215,,,,,
7.68,-0.012466431,,,,,
7.7,-0.016616821,,,,,
7.72,-0.018699646,,,,,
7.74,-0.024925232,,,,,
7.76,-0.014541626,,,,,
7.78,-0.018699646,,,,,
7.8,-0.020774841,,,,,
7.82,-0.020774841,,,,,
7.84,-0.012466431,,,,,
7.86,-0.008308411,,,,,
7.88,-0.018699646,,,,,
7.9,-0.016616821,,,,,
7.92,-0.020774841,,,,,
7.94,-0.016616821,,,,,
7.96,-0.016616821,,,,,
7.98,-0.020774841,,,,,
8,-0.016616821,,,,,
8.02,-0.016616821,,,,,
8.04,-0.016616821,,,,,
8.06,-0.018699646,,,,,
8.08,-0.020774841,,,,,
8.1,-0.024925232,,,,,
8.12,-0.018699646,,,,,
8.14,-0.016616821,,,,,
8.16,-0.012466431,,,,,
8.18,0.051925659,,,,,
8.2,0.118392944,,,,,
8.22,0.155776978,,,,,
8.24,0.205627441,,,,,
8.26,0.259635925,,,,,
8.28,0.288711548,,,,,
8.3,0.294944763,,,,,
8.32,0.301177979,,,,,
8.34,0.301177979,,,,,
8.36,0.305328369,,,,,
8.38,0.307411194,,,,,
8.4,0.288711548,,,,,
8.42,0.276252747,,,,,
8.44,0.278327942,,,,,
8.46,0.278327942,,,,,
8.48,0.294944763,,,,,
8.5,0.32610321,,,,,
8.52,0.365570068,,,,,
8.54,0.409187317,,,,,
8.56,0.448654175,,,,,
8.58,0.471496582,,,,,
8.6,0.452804565,,,,,
8.62,0.440345764,,,,,
8.64,0.444496155,,,,,
8.66,0.436187744,,,,,
8.68,0.413337708,,,,,
8.7,0.384262085,,,,,
8.72,0.346870422,,,,,
8.74,0.305328369,,,,,
8.76,0.259635925,,,,,
8.78,0.203552246,,,,,
8.8,0.155776978,,,,,
8.82,0.087234497,,,,,
8.84,0.022842407,,,,,
8.86,0,,,,,
8.88,-0.012466431,,,,,
8.9,-0.014541626,,,,,
8.92,-0.012466431,,,,,
8.94,-0.014541626,,,,,
8.96,-0.010391235,,,,,
8.98,-0.008308411,,,,,
9,-0.012466431,,,,,
9.02,-0.014541626,,,,,
9.04,-0.014541626,,,,,
9.06,-0.014541626,,,,,
9.08,-0.018699646,,,,,
9.1,-0.012466431,,,,,
9.12,-0.016616821,,,,,
9.14,-0.018699646,,,,,
9.16,-0.020774841,,,,,
9.18,-0.016616821,,,,,
9.2,-0.016616821,,,,,
9.22,-0.014541626,,,,,
9.24,-0.016616821,,,,,
9.26,-0.012466431,,,,,
9.28,-0.008308411,,,,,
9.3,-0.010391235,,,,,
9.32,-0.012466431,,,,,
9.34,-0.010391235,,,,,
9.36,-0.020774841,,,,,
9.38,-0.016616821,,,,,
9.4,-0.010391235,,,,,
9.42,-0.014541626,,,,,
9.44,-0.024925232,,,,,
9.46,-0.014541626,,,,,
9.48,-0.008308411,,,,,
9.5,-0.020774841,,,,,
9.52,-0.010391235,,,,,
9.54,-0.014541626,,,,,
9.56,-0.014541626,,,,,
9.58,-0.010391235,,,,,
9.6,-0.018699646,,,,,
9.62,-0.012466431,,,,,
9.64,-0.022850037,,,,,
9.66,-0.010391235,,,,,
9.68,-0.020774841,,,,,
9.7,-0.018699646,,,,,
9.72,-0.020774841,,,,,
9.74,-0.016616821,,,,,
9.76,-0.014541626,,,,,
9.78,-0.014541626,,,,,
9.8,-0.014541626,,,,,
9.82,-0.014541626,,,,,
9.84,-0.012466431,,,,,
9.86,-0.014541626,,,,,
9.88,-0.018699646,,,,,
9.9,-0.016616821,,,,,
9.92,-0.016616821,,,,,
9.94,-0.014541626,,,,,
9.96,-0.014541626,,,,,
9.98,-0.012466431,,,,,
10,-0.016616821,,,,,
10.02,-0.010391235,,,,,
10.04,-0.008308411,,,,,
10.06,-0.014541626,,,,,
10.08,-0.016616821,,,,,
10.1,-0.010391235,,,,,
10.12,-0.012466431,,,,,
10.14,-0.014541626,,,,,
10.16,-0.016616821,,,,,
10.18,-0.016616821,,,,,
10.2,-0.020774841,,,,,
10.22,-0.014541626,,,,,
10.24,-0.012466431,,,,,
10.26,-0.010391235,,,,,
10.28,-0.006233215,,,,,
10.3,-0.008308411,,,,,
10.32,-0.014541626,,,,,
10.34,-0.012466431,,,,,
10.36,-0.010391235,,,,,
10.38,-0.012466431,,,,,
10.4,-0.014541626,,,,,
10.42,-0.016616821,,,,,
10.44,-0.012466431,,,,,
10.46,-0.018699646,,,,,
10.48,-0.022850037,,,,,
10.5,-0.018699646,,,,,
10.52,-0.016616821,,,,,
10.54,-0.010391235,,,,,
10.56,-0.010391235,,,,,
10.58,-0.008308411,,,,,
10.6,-0.014541626,,,,,
10.62,-0.014541626,,,,,
10.64,-0.016616821,,,,,
10.66,-0.008308411,,,,,
10.68,-0.012466431,,,,,
10.7,-0.012466431,,,,,
10.72,-0.012466431,,,,,
10.74,-0.016616821,,,,,
10.76,-0.010391235,,,,,
10.78,-0.016616821,,,,,
10.8,-0.008308411,,,,,
10.82,-0.012466431,,,,,
10.84,-0.016616821,,,,,
10.86,-0.010391235,,,,,
10.88,0,,,,,
10.9,0.047767639,,,,,
10.92,0.097618103,,,,,
10.94,0.13293457,,,,,
10.96,0.145393372,,,,,
10.98,0.157859802,,,,,
11,0.222244263,,,,,
11.02,0.353103638,,,,,
11.04,0.521347046,,,,,
11.06,0.633514404,,,,,
11.08,0.683364868,,,,,
11.1,0.691673279,,,,,
11.12,0.766448975,,,,,
11.14,0.911842346,,,,,
11.16,1.011543274,,,,,
11.18,1.055168152,,,,,
11.2,1.078010559,,,,,
11.22,1.125785828,,,,,
11.24,1.179794312,,,,,
11.26,1.237953186,,,,,
11.28,1.298187256,,,,,
11.3,1.368804932,,,,,
11.32,1.439430237,,,,,
11.34,1.491355896,,,,,
11.36,1.526664734,,,,,
11.38,1.591056824,,,,,
11.4,1.657524109,,,,,
11.42,1.713607788,,,,,
11.44,1.742683411,,,,,
11.46,1.790458679,,,,,
11.48,1.86730957,,,,,
11.5,1.975318909,,,,,
11.52,2.031402588,,,,,
11.54,2.05632782,,,,,
11.56,2.143569946,,,,,
11.58,2.207954407,,,,,
11.6,2.195495605,,,,,
11.62,2.141487122,,,,,
11.64,2.1248703,,,,,
11.66,2.106178284,,,,,
11.68,1.964935303,,,,,
11.7,1.67414093,,,,,
11.72,1.358421326,,,,,
11.74,1.217178345,,,,,
11.76,1.289878845,,,,,
11.78,1.375038147,,,,,
11.8,1.262878418,,,,,
11.82,1.024009705,,,,,
11.84,0.814224243,,,,,
11.86,0.685440063,,,,,
11.88,0.660514832,,,,,
11.9,0.697906494,,,,,
11.92,0.677131653,,,,,
11.94,0.554580688,,,,,
11.96,0.432037354,,,,,
11.98,0.384262085,,,,,
12,0.367645264,,,,,
12.02,0.338562012,,,,,
12.04,0.280403137,,,,,
12.06,0.278327942,,,,,
12.08,0.305328369,,,,,
12.1,0.353103638,,,,,
12.12,0.427879333,,,,,
12.14,0.477729797,,,,,
12.16,0.465270996,,,,,
12.18,0.529655457,,,,,
12.2,0.670898438,,,,,
12.22,0.845375061,,,,,
12.24,1.034393311,,,,,
12.26,1.248336792,,,,,
12.28,1.464355469,,,,,
12.3,1.593132019,,,,,
12.32,1.638832092,,,,,
12.34,1.645065308,,,,,
12.36,1.647140503,,,,,
12.38,1.61390686,,,,,
12.4,1.543281555,,,,,
12.42,1.375038147,,,,,
12.44,1.156944275,,,,,
12.46,0.922233582,,,,,
12.48,0.745674133,,,,,
12.5,0.64805603,,,,,
12.52,0.585739136,,,,,
12.54,0.587814331,,,,,
12.56,0.614822388,,,,,
12.58,0.552505493,,,,,
12.6,0.411262512,,,,,
12.62,0.284561157,,,,,
12.64,0.19316864,,,,,
12.66,0.122543335,,,,,
12.68,0.06438446,,,,,
12.7,0.043617249,,,,,
12.72,0.070617676,,,,,
12.74,0.116317749,,,,,
12.76,0.228477478,,,,,
12.78,0.375953674,,,,,
12.8,0.519271851,,,,,
12.82,0.625205994,,,,,
12.84,0.666748047,,,,,
12.86,0.691673279,,,,,
12.88,0.712440491,,,,,
12.9,0.762290955,,,,,
12.92,0.799682617,,,,,
12.94,0.789299011,,,,,
12.96,0.739448547,,,,,
12.98,0.664672852,,,,,
13,0.637664795,,,,,
13.02,0.6355896,,,,,
13.04,0.652206421,,,,,
13.06,0.591972351,,,,,
13.08,0.434112549,,,,,
13.1,0.276252747,,,,,
13.12,0.180702209,,,,,
13.14,0.197319031,,,,,
13.16,0.282485962,,,,,
13.18,0.3904953,,,,,
13.2,0.517196655,,,,,
13.22,0.660514832,,,,,
13.24,0.77268219,,,,,
13.26,0.799682617,,,,,
13.28,0.826683044,,,,,
13.3,0.899383545,,,,,
13.32,1.007392883,,,,,
13.34,1.140327454,,,,,
13.36,1.258720398,,,,,
13.38,1.329345703,,,,,
13.4,1.393730164,,,,,
13.42,1.47681427,,,,,
13.44,1.534973145,,,,,
13.46,1.522514343,,,,,
13.48,1.485122681,,,,,
13.5,1.402038574,,,,,
13.52,1.291954041,,,,,
13.54,1.246261597,,,,,
13.56,1.240028381,,,,,
13.58,1.233795166,,,,,
13.6,1.235870361,,,,,
13.62,1.244178772,,,,,
13.64,1.277412415,,,,,
13.66,1.298187256,,,,,
13.68,1.279495239,,,,,
13.7,1.248336792,,,,,
13.72,1.190177917,,,,,
13.74,1.0987854,,,,,
13.76,0.947158813,,,,,
13.78,0.851608276,,,,,
13.8,0.861991882,,,,,
13.82,0.940925598,,,,,
13.84,1.036468506,,,,,
13.86,1.109169006,,,,,
13.88,1.173561096,,,,,
13.9,1.202636719,,,,,
13.92,1.173561096,,,,,
13.94,1.109169006,,,,,
13.96,1.09047699,,,,,
13.98,1.144477844,,,,,
14,1.167327881,,,,,
14.02,1.138252258,,,,,
14.04,1.102935791,,,,,
14.06,1.09047699,,,,,
14.08,1.055168152,,,,,
14.1,0.940925598,,,,,
14.12,0.824607849,,,,,
14.14,0.735290527,,,,,
14.16,0.668823242,,,,,
14.18,0.596122742,,,,,
14.2,0.554580688,,,,,
14.22,0.537963867,,,,,
14.24,0.525505066,,,,,
14.26,0.502655029,,,,,
14.28,0.461112976,,,,,
14.3,0.392570496,,,,,
14.32,0.371795654,,,,,
14.34,0.392570496,,,,,
14.36,0.411262512,,,,,
14.38,0.3904953,,,,,
14.4,0.309486389,,,,,
14.42,0.211860657,,,,,
14.44,0.112159729,,,,,
14.46,0.039459229,,,,,
14.48,0.010383606,,,,,
14.5,-0.002082825,,,,,
14.52,-0.014541626,,,,,
14.54,-0.012466431,,,,,
14.56,-0.016616821,,,,,
14.58,-0.010391235,,,,,
14.6,-0.012466431,,,,,
14.62,-0.010391235,,,,,
14.64,-0.012466431,,,,,
14.66,-0.008308411,,,,,
14.68,-0.010391235,,,,,
14.7,-0.012466431,,,,,
14.72,-0.016616821,,,,,
14.74,-0.006233215,,,,,
14.76,-0.006233215,,,,,
14.78,-0.014541626,,,,,
14.8,-0.016616821,,,,,
14.82,-0.014541626,,,,,
14.84,-0.010391235,,,,,
14.86,-0.006233215,,,,,
14.88,-0.012466431,,,,,
14.9,-0.010391235,,,,,
14.92,-0.014541626,,,,,
14.94,-0.016616821,,,,,
14.96,-0.016616821,,,,,
14.98,-0.012466431,,,,,
15,-0.014541626,,,,,
15.02,-0.014541626,,,,,
15.04,-0.016616821,,,,,
15.06,-0.016616821,,,,,
15.08,-0.008308411,,,,,
15.1,-0.010391235,,,,,
15.12,-0.012466431,,,,,
15.14,-0.018699646,,,,,
15.16,-0.012466431,,,,,
15.18,-0.010391235,,,,,
15.2,-0.010391235,,,,,
15.22,-0.012466431,,,,,
15.24,-0.008308411,,,,,
15.26,-0.012466431,,,,,
15.28,-0.014541626,,,,,
15.3,-0.010391235,,,,,
15.32,-0.008308411,,,,,
15.34,-0.014541626,,,,,
15.36,-0.016616821,,,,,
15.38,-0.014541626,,,,,
15.4,-0.018699646,,,,,
15.42,-0.020774841,,,,,
15.44,-0.014541626,,,,,
15.46,-0.018699646,,,,,
15.48,-0.016616821,,,,,
15.5,-0.020774841,,,,,
15.52,-0.022850037,,,,,
15.54,-0.018699646,,,,,
15.56,-0.016616821,,,,,
15.58,-0.018699646,,,,,
15.6,-0.022850037,,,,,
15.62,-0.018699646,,,,,
15.64,-0.024925232,,,,,
15.66,-0.020774841,,,,,
15.68,-0.022850037,,,,,
15.7,-0.022850037,,,,,
15.72,-0.018699646,,,,,
15.74,-0.020774841,,,,,
15.76,-0.022850037,,,,,
15.78,-0.014541626,,,,,
15.8,-0.016616821,,,,,
15.82,-0.010391235,,,,,
15.84,-0.014541626,,,,,
15.86,-0.020774841,,,,,
15.88,-0.014541626,,,,,
15.9,-0.014541626,,,,,
15.92,-0.014541626,,,,,
15.94,-0.00415802,,,,,
15.96,-0.010391235,,,,,
15.98,-0.006233215,,,,,
16,-0.008308411,,,,,
16.02,-0.008308411,,,,,
16.04,-0.00415802,,,,,
16.06,-0.006233215,,,,,
16.08,0,,,,,
16.1,-0.012466431,,,,,
16.12,-0.010391235,,,,,
16.14,-0.006233215,,,,,
16.16,-0.014541626,,,,,
16.18,-0.010391235,,,,,
16.2,-0.006233215,,,,,
16.22,-0.012466431,,,,,
16.24,-0.016616821,,,,,
16.26,-0.00415802,,,,,
16.28,-0.00415802,,,,,
16.3,-0.00415802,,,,,
16.32,-0.008308411,,,,,
16.34,-0.010391235,,,,,
16.36,-0.010391235,,,,,
16.38,-0.006233215,,,,,
16.4,-0.016616821,,,,,
16.42,-0.018699646,,,,,
16.44,-0.018699646,,,,,
16.46,-0.014541626,,,,,
16.48,-0.014541626,,,,,
16.5,-0.016616821,,,,,
16.52,-0.012466431,,,,,
16.54,-0.010391235,,,,,
16.56,-0.020774841,,,,,
16.58,-0.018699646,,,,,
16.6,-0.014541626,,,,,
16.62,-0.018699646,,,,,
16.64,0,,,,,
16.66,0.06023407,,,,,
16.68,0.155776978,,,,,
16.7,0.240943909,,,,,
16.72,0.301177979,,,,,
16.74,0.384262085,,,,,
16.76,0.456962585,,,,,
16.78,0.527580261,,,,,
16.8,0.587814331,,,,,
16.82,0.573280334,,,,,
16.84,0.519271851,,,,,
16.86,0.467346191,,,,,
16.88,0.369720459,,,,,
16.9,0.195243835,,,,,
16.92,0.070617676,,,,,
16.94,0.022842407,,,,,
16.96,0.074775696,,,,,
16.98,0.176551819,,,,,
17,0.270019531,,,,,
17.02,0.371795654,,,,,
17.04,0.51096344,,,,,
17.06,0.63974762,,,,,
17.08,0.760215759,,,,,
17.1,0.90145874,,,,,
17.12,1.071784973,,,,,
17.14,1.217178345,,,,,
17.16,1.302337646,,,,,
17.18,1.397888184,,,,,
17.2,1.491355896,,,,,
17.22,1.505897522,,,,,
17.24,1.42073822,,,,,
17.26,1.42073822,,,,,
17.28,1.574440002,,,,,
17.3,1.719841003,,,,,
17.32,1.784225464,,,,,
17.34,1.823692322,,,,,
17.36,1.898468018,,,,,
17.38,1.973243713,,,,,
17.4,1.979476929,,,,,
17.42,1.967010498,,,,,
17.44,1.950393677,,,,,
17.46,1.942085266,,,,,
17.48,1.92339325,,,,,
17.5,1.948318481,,,,,
17.52,2.039710999,,,,,
17.54,2.11656189,,,,,
17.56,2.118644714,,,,,
17.58,2.062561035,,,,,
17.6,1.998168945,,,,,
17.62,1.719841003,,,,,
17.64,0.774757385,,,,,
17.66,0.286636353,,,,,
17.68,0.093467712,,,,,
17.7,0.022842407,,,,,
17.72,-0.00415802,,,,,
17.74,-0.018699646,,,,,
17.76,-0.024925232,,,,,
17.78,-0.020774841,,,,,
17.8,-0.014541626,,,,,
17.82,-0.010391235,,,,,
17.84,-0.00415802,,,,,
17.86,-0.006233215,,,,,
17.88,-0.014541626,,,,,
17.9,-0.012466431,,,,,
17.92,-0.020774841,,,,,
17.94,-0.018699646,,,,,
17.96,-0.022850037,,,,,
17.98,-0.018699646,,,,,
18,-0.018699646,,,,,
18.02,-0.014541626,,,,,
18.04,-0.012466431,,,,,
18.06,-0.010391235,,,,,
18.08,-0.014541626,,,,,
18.1,-0.014541626,,,,,
18.12,-0.014541626,,,,,
18.14,-0.016616821,,,,,
18.16,-0.012466431,,,,,
18.18,-0.018699646,,,,,
18.2,-0.010391235,,,,,
18.22,-0.010391235,,,,,
18.24,-0.010391235,,,,,
18.26,-0.012466431,,,,,
18.28,-0.014541626,,,,,
18.3,-0.016616821,,,,,
18.32,-0.018699646,,,,,
18.34,-0.014541626,,,,,
18.36,-0.014541626,,,,,
18.38,-0.008308411,,,,,
18.4,-0.008308411,,,,,
18.42,-0.006233215,,,,,
18.44,-0.012466431,,,,,
18.46,-0.014541626,,,,,
18.48,-0.012466431,,,,,
18.5,-0.012466431,,,,,
18.52,-0.014541626,,,,,
18.54,-0.010391235,,,,,
18.56,-0.012466431,,,,,
18.58,-0.014541626,,,,,
18.6,-0.020774841,,,,,
18.62,-0.016616821,,,,,
18.64,-0.014541626,,,,,
18.66,-0.008308411,,,,,
18.68,-0.008308411,,,,,
18.7,-0.012466431,,,,,
18.72,-0.012466431,,,,,
18.74,-0.010391235,,,,,
18.76,-0.010391235,,,,,
18.78,-0.012466431,,,,,
18.8,-0.012466431,,,,,
18.82,-0.016616821,,,,,
18.84,-0.010391235,,,,,
18.86,-0.012466431,,,,,
18.88,-0.014541626,,,,,
18.9,-0.010391235,,,,,
18.92,-0.012466431,,,,,
18.94,-0.016616821,,,,,
18.96,-0.014541626,,,,,
18.98,-0.012466431,,,,,
19,-0.012466431,,,,,
19.02,-0.014541626,,,,,
19.04,-0.014541626,,,,,
19.06,-0.014541626,,,,,
19.08,-0.012466431,,,,,
19.1,-0.016616821,,,,,
19.12,-0.018699646,,,,,
19.14,-0.016616821,,,,,
19.16,-0.014541626,,,,,
19.18,-0.010391235,,,,,
19.2,-0.016616821,,,,,
19.22,-0.012466431,,,,,
19.24,-0.018699646,,,,,
19.26,-0.014541626,,,,,
19.28,-0.014541626,,,,,
19.3,-0.010391235,,,,,
19.32,-0.010391235,,,,,
19.34,-0.010391235,,,,,
19.36,-0.008308411,,,,,
19.38,-0.010391235,,,,,
19.4,-0.016616821,,,,,
19.42,-0.012466431,,,,,
19.44,-0.012466431,,,,,
19.46,-0.006233215,,,,,
19.48,-0.012466431,,,,,
19.5,-0.022850037,,,,,
19.52,-0.024925232,,,,,
19.54,-0.018699646,,,,,
19.56,-0.016616821,,,,,
19.58,-0.012466431,,,,,
19.6,-0.008308411,,,,,
19.62,-0.014541626,,,,,
19.64,-0.010391235,,,,,
19.66,-0.014541626,,,,,
19.68,-0.010391235,,,,,